一级类目_EN,一级类目_ES,一级类目_DE,一级类目_ZH,二级类目_EN,二级类目_ES,二级类目_DE,二级类目_ZH,三级类目_EN,三级类目_ES,三级类目_DE,三级类目_ZH
Appliances,Electrodomésticos,Haushaltsgeräte,家电,Dishwashers,Lavavajillas,Geschirrspüler,洗碗机,Built-In Dishwashers,Lavavajillas Integrados,Einbau-Geschirrspüler,嵌入式洗碗机
Appliances,Electrodomésticos,Haushaltsgeräte,家电,Dishwashers,Lavavajillas,Geschirrspüler,洗碗机,Countertop Dishwashers,Lavavajillas de Encimera,Tischgeschirrspüler,台式洗碗机
Appliances,Electrodomésticos,Haushaltsgeräte,家电,Dishwashers,Lavavajillas,Geschirrspüler,洗碗机,Portable Dishwashers,Lavavajillas Portátiles,Tragbare Geschirrspüler,便携式洗碗机
Appliances,Electrodomésticos,Haushaltsgeräte,家电,Garbage Disposals & Compactors,Trituradores y Compactadores,Müllzerkleinerer & Kompaktoren,垃圾处理机,Trash Compactors,Compactadores de Basura,Müllkompaktoren,垃圾压实机
Appliances,Electrodomésticos,Haushaltsgeräte,家电,Laundry Appliances,Electrodomésticos para Lavandería,Waschmaschinenzubehör,洗衣房用具,Irons & Garment Steamers,Planchas y Vaporizadores,Bügeleisen & Dampfglätter,电熨斗和蒸汽挂烫机
Appliances,Electrodomésticos,Haushaltsgeräte,家电,Laundry Appliances,Electrodomésticos para Lavandería,Waschmaschinenzubehör,洗衣房用具,Washers & Dryers,Lavadoras y Secadoras,Waschmaschinen & Trockner,洗衣机和烘干机
Appliances,Electrodomésticos,Haushaltsgeräte,家电,Parts & Accessories,Piezas y Accesorios,Teile & Zubehör,零件与配件,Beer Dispenser Parts & Accessories,Piezas para Dispensadores de Cerveza,Teile für Bierausschenker,啤酒机零件与配件
Appliances,Electrodomésticos,Haushaltsgeräte,家电,Parts & Accessories,Piezas y Accesorios,Teile & Zubehör,零件与配件,Beverage Refrigerator Replacement Parts,Repuestos para Refrigeradores de Bebidas,Ersatzteile für Getränkekühlschränke,饮料冷藏柜替换件
Appliances,Electrodomésticos,Haushaltsgeräte,家电,Parts & Accessories,Piezas y Accesorios,Teile & Zubehör,零件与配件,Cooktop Parts & Accessories,Piezas y Accesorios para Placas de Cocina,Teile & Zubehör für Kochfelder,灶具零件与配件
Appliances,Electrodomésticos,Haushaltsgeräte,家电,Parts & Accessories,Piezas y Accesorios,Teile & Zubehör,零件与配件,Dishwasher Parts & Accessories,Piezas y Accesorios para Lavavajillas,Teile & Zubehör für Geschirrspüler,洗碗机零件与配件
Appliances,Electrodomésticos,Haushaltsgeräte,家电,Parts & Accessories,Piezas y Accesorios,Teile & Zubehör,零件与配件,Dryer Parts & Accessories,Piezas y Accesorios para Secadoras,Teile & Zubehör für Wäschetrockner,烘干机零件与配件
Appliances,Electrodomésticos,Haushaltsgeräte,家电,Parts & Accessories,Piezas y Accesorios,Teile & Zubehör,零件与配件,Fasteners,Elementos de Fijación,Befestigungselemente,紧固件
Appliances,Electrodomésticos,Haushaltsgeräte,家电,Parts & Accessories,Piezas y Accesorios,Teile & Zubehör,零件与配件,Food Waste Disposer Parts & Accessories,Piezas para Trituradores de Residuos,Teile für Küchenabfallzerkleinerer,厨余垃圾处理器零配件
Appliances,Electrodomésticos,Haushaltsgeräte,家电,Parts & Accessories,Piezas y Accesorios,Teile & Zubehör,零件与配件,Freezer Parts & Accessories,Piezas y Accesorios para Congeladores,Teile & Zubehör für Gefrierschränke,冰柜零配件
Appliances,Electrodomésticos,Haushaltsgeräte,家电,Parts & Accessories,Piezas y Accesorios,Teile & Zubehör,零件与配件,Humidifier Parts & Accessories,Piezas y Accesorios para Humidificadores,Teile & Zubehör für Luftbefeuchter,加湿器部件
Appliances,Electrodomésticos,Haushaltsgeräte,家电,Parts & Accessories,Piezas y Accesorios,Teile & Zubehör,零件与配件,Kegerator Replacement Parts,Repuestos para Kegerators,Ersatzteile für Bierkühler,啤酒桶替换零件
Appliances,Electrodomésticos,Haushaltsgeräte,家电,Parts & Accessories,Piezas y Accesorios,Teile & Zubehör,零件与配件,Oven Parts & Accessories,Piezas y Accesorios para Hornos,Teile & Zubehör für Backöfen,烤箱零配件
Appliances,Electrodomésticos,Haushaltsgeräte,家电,Parts & Accessories,Piezas y Accesorios,Teile & Zubehör,零件与配件,Range Hood Parts & Accessories,Piezas y Accesorios para Campanas Extractoras,Teile & Zubehör für Dunstabzugshauben,抽油烟机零件
Appliances,Electrodomésticos,Haushaltsgeräte,家电,Parts & Accessories,Piezas y Accesorios,Teile & Zubehör,零件与配件,Range Parts & Accessories,Piezas y Accesorios para Cocinas,Teile & Zubehör für Herde,范围零件
Appliances,Electrodomésticos,Haushaltsgeräte,家电,Parts & Accessories,Piezas y Accesorios,Teile & Zubehör,零件与配件,Refrigerator Parts & Accessories,Piezas y Accesorios para Refrigeradores,Teile & Zubehör für Kühlschränke,冰箱配件
Appliances,Electrodomésticos,Haushaltsgeräte,家电,Parts & Accessories,Piezas y Accesorios,Teile & Zubehör,零件与配件,Trash Compactor Parts & Accessories,Piezas para Compactadores de Basura,Teile für Müllkompaktoren,垃圾处理器零配件
Appliances,Electrodomésticos,Haushaltsgeräte,家电,Parts & Accessories,Piezas y Accesorios,Teile & Zubehör,零件与配件,Washer Parts & Accessories,Piezas y Accesorios para Lavadoras,Teile & Zubehör für Waschmaschinen,洗衣机部件
Appliances,Electrodomésticos,Haushaltsgeräte,家电,Parts & Accessories,Piezas y Accesorios,Teile & Zubehör,零件与配件,Wine Cellar Parts & Accessories,Piezas y Accesorios para Bodegas de Vino,Teile & Zubehör für Weinkühlschränke,酒柜零配件
Appliances,Electrodomésticos,Haushaltsgeräte,家电,Ranges, Ovens & Cooktops,Cocinas, Hornos y Placas,Herde, Backöfen & Kochfelder,炉灶与烤箱,Cooktops,Placas de Cocina,Kochfelder,燃气灶
Appliances,Electrodomésticos,Haushaltsgeräte,家电,Ranges, Ovens & Cooktops,Cocinas, Hornos y Placas,Herde, Backöfen & Kochfelder,炉灶与烤箱,Range Hoods,Campanas Extractoras,Dunstabzugshauben,抽油烟机
Appliances,Electrodomésticos,Haushaltsgeräte,家电,Ranges, Ovens & Cooktops,Cocinas, Hornos y Placas,Herde, Backöfen & Kochfelder,炉灶与烤箱,Ranges,Cocinas,Herde,范围
Appliances,Electrodomésticos,Haushaltsgeräte,家电,Ranges, Ovens & Cooktops,Cocinas, Hornos y Placas,Herde, Backöfen & Kochfelder,炉灶与烤箱,Wall Ovens,Hornos de Pared,Einbau-Backöfen,壁挂炉
Appliances,Electrodomésticos,Haushaltsgeräte,家电,Ranges, Ovens & Cooktops,Cocinas, Hornos y Placas,Herde, Backöfen & Kochfelder,炉灶与烤箱,Warming Drawers,Cajones Calentadores,Wärmeschubladen,暖气抽屉
Appliances,Electrodomésticos,Haushaltsgeräte,家电,Refrigerators, Freezers & Ice Makers,Refrigeradores, Congeladores y Máquinas de Hielo,Kühlschränke, Gefriertruhen & Eismaschinen,冰箱与制冰机,Beverage Refrigerators,Refrigeradores para Bebidas,Getränkekühlschränke,冰吧
Appliances,Electrodomésticos,Haushaltsgeräte,家电,Refrigerators, Freezers & Ice Makers,Refrigeradores, Congeladores y Máquinas de Hielo,Kühlschränke, Gefriertruhen & Eismaschinen,冰箱与制冰机,Freezers,Congeladores,Gefriertruhen,冰柜
Appliances,Electrodomésticos,Haushaltsgeräte,家电,Refrigerators, Freezers & Ice Makers,Refrigeradores, Congeladores y Máquinas de Hielo,Kühlschränke, Gefriertruhen & Eismaschinen,冰箱与制冰机,Ice Makers,Máquinas de Hielo,Eismaschinen,制冰机
Appliances,Electrodomésticos,Haushaltsgeräte,家电,Refrigerators, Freezers & Ice Makers,Refrigeradores, Congeladores y Máquinas de Hielo,Kühlschränke, Gefriertruhen & Eismaschinen,冰箱与制冰机,Kegerators,Kegerators,Bierkühler,啤酒桶冷藏柜
Appliances,Electrodomésticos,Haushaltsgeräte,家电,Refrigerators, Freezers & Ice Makers,Refrigeradores, Congeladores y Máquinas de Hielo,Kühlschränke, Gefriertruhen & Eismaschinen,冰箱与制冰机,Refrigerators,Refrigeradores,Kühlschränke,冰箱
Arts, Crafts & Sewing,Arte, Manualidades y Costura,Kunst, Basteln & Nähen,艺术与手工艺,Beading & Jewelry Making,Abalorios y Fabricación de Joyas,Perlen & Schmuckherstellung,串珠与珠宝制作,Beading Supplies,Suministros para Abalorios,Perlenzubehör,串珠用品
Arts, Crafts & Sewing,Arte, Manualidades y Costura,Kunst, Basteln & Nähen,艺术与手工艺,Beading & Jewelry Making,Abalorios y Fabricación de Joyas,Perlen & Schmuckherstellung,串珠与珠宝制作,Beads & Bead Assortments,Cuentas y Surtidos,Perlen & Sets,装饰珠珠
Arts, Crafts & Sewing,Arte, Manualidades y Costura,Kunst, Basteln & Nähen,艺术与手工艺,Beading & Jewelry Making,Abalorios y Fabricación de Joyas,Perlen & Schmuckherstellung,串珠与珠宝制作,Charms,Diplomas,Anhänger,魅力饰品
Arts, Crafts & Sewing,Arte, Manualidades y Costura,Kunst, Basteln & Nähen,艺术与手工艺,Beading & Jewelry Making,Abalorios y Fabricación de Joyas,Perlen & Schmuckherstellung,串珠与珠宝制作,Engraving Machines & Tools,Máquinas y Herramientas para Grabado,Graviergeräte,雕刻机床
Arts, Crafts & Sewing,Arte, Manualidades y Costura,Kunst, Basteln & Nähen,艺术与手工艺,Beading & Jewelry Making,Abalorios y Fabricación de Joyas,Perlen & Schmuckherstellung,串珠与珠宝制作,Fusible Glass Supplies,Suministros para Vidrio Fusible,Schmelzglaszubehör,易熔玻璃用品
Arts, Crafts & Sewing,Arte, Manualidades y Costura,Kunst, Basteln & Nähen,艺术与手工艺,Beading & Jewelry Making,Abalorios y Fabricación de Joyas,Perlen & Schmuckherstellung,串珠与珠宝制作,Jewelry Casting Supplies,Suministros para Fundición de Joyas,Schmuckgießzubehör,珠宝铸造用品
Arts, Crafts & Sewing,Arte, Manualidades y Costura,Kunst, Basteln & Nähen,艺术与手工艺,Beading & Jewelry Making,Abalorios y Fabricación de Joyas,Perlen & Schmuckherstellung,串珠与珠宝制作,Jewelry Findings,Componentes para Joyería,Schmuckteile,珠宝配件
Arts, Crafts & Sewing,Arte, Manualidades y Costura,Kunst, Basteln & Nähen,艺术与手工艺,Beading & Jewelry Making,Abalorios y Fabricación de Joyas,Perlen & Schmuckherstellung,串珠与珠宝制作,Jewelry Making Display & Packaging Supplies,Exhibición y Embalaje para Joyería,Präsentations- & Verpackungsmaterial,珠宝展示包装
Arts, Crafts & Sewing,Arte, Manualidades y Costura,Kunst, Basteln & Nähen,艺术与手工艺,Beading & Jewelry Making,Abalorios y Fabricación de Joyas,Perlen & Schmuckherstellung,串珠与珠宝制作,Jewelry Making Kits,Kits de Joyería,Schmuckherstellungssets,珠宝制作套装
Arts, Crafts & Sewing,Arte, Manualidades y Costura,Kunst, Basteln & Nähen,艺术与手工艺,Beading & Jewelry Making,Abalorios y Fabricación de Joyas,Perlen & Schmuckherstellung,串珠与珠宝制作,Jewelry Making Tools & Accessories,Herramientas y Accesorios para Joyería,Werkzeuge & Zubehör,珠宝制作工具
Arts, Crafts & Sewing,Arte, Manualidades y Costura,Kunst, Basteln & Nähen,艺术与手工艺,Beading & Jewelry Making,Abalorios y Fabricación de Joyas,Perlen & Schmuckherstellung,串珠与珠宝制作,Jewelry Patterns,Patrones de Joyería,Schmuckvorlagen,珠宝图案
Arts, Crafts & Sewing,Arte, Manualidades y Costura,Kunst, Basteln & Nähen,艺术与手工艺,Beading & Jewelry Making,Abalorios y Fabricación de Joyas,Perlen & Schmuckherstellung,串珠与珠宝制作,Metal Stamping Tools,Herramientas de Estampado Metálico,Metallprägewerkzeuge,金属冲压模具
Arts, Crafts & Sewing,Arte, Manualidades y Costura,Kunst, Basteln & Nähen,艺术与手工艺,Beading & Jewelry Making,Abalorios y Fabricación de Joyas,Perlen & Schmuckherstellung,串珠与珠宝制作,Polishing & Buffing,Pulido y Abrillantado,Polieren & Glätten,抛光
Arts, Crafts & Sewing,Arte, Manualidades y Costura,Kunst, Basteln & Nähen,艺术与手工艺,Beading & Jewelry Making,Abalorios y Fabricación de Joyas,Perlen & Schmuckherstellung,串珠与珠宝制作,Purse Making,Fabricación de Bolsos,Taschenherstellung,钱包制作
Arts, Crafts & Sewing,Arte, Manualidades y Costura,Kunst, Basteln & Nähen,艺术与手工艺,Beading & Jewelry Making,Abalorios y Fabricación de Joyas,Perlen & Schmuckherstellung,串珠与珠宝制作,Wax Molding Materials,Suministros para Moldeo con Cera,Wachsformmaterialien,蜡模材料
Arts, Crafts & Sewing,Arte, Manualidades y Costura,Kunst, Basteln & Nähen,艺术与手工艺,Beading & Jewelry Making,Abalorios y Fabricación de Joyas,Perlen & Schmuckherstellung,串珠与珠宝制作,Wire,Alambre,Metallgussdraht,金属丝
Arts, Crafts & Sewing,Arte, Manualidades y Costura,Kunst, Basteln & Nähen,艺术与手工艺,Crafting,Manualidades,Basteln,工艺,Basket Making,Cestería,Korbflechten,藤雕
Arts, Crafts & Sewing,Arte, Manualidades y Costura,Kunst, Basteln & Nähen,艺术与手工艺,Crafting,Manualidades,Basteln,工艺,Candle Making,Fabricación de Velas,Kerzenherstellung,蜡烛制作
Arts, Crafts & Sewing,Arte, Manualidades y Costura,Kunst, Basteln & Nähen,艺术与手工艺,Crafting,Manualidades,Basteln,工艺,Ceramics & Pottery,Cerámica y Alfarería,Keramik & Töpferei,陶瓷
Arts, Crafts & Sewing,Arte, Manualidades y Costura,Kunst, Basteln & Nähen,艺术与手工艺,Crafting,Manualidades,Basteln,工艺,Craft Supplies,Suministros de Manualidades,Bastelmaterial,工艺用品
Arts, Crafts & Sewing,Arte, Manualidades y Costura,Kunst, Basteln & Nähen,艺术与手工艺,Crafting,Manualidades,Basteln,工艺,Doll Making,Fabricación de Muñecas,Puppenherstellung,玩偶制作
Arts, Crafts & Sewing,Arte, Manualidades y Costura,Kunst, Basteln & Nähen,艺术与手工艺,Crafting,Manualidades,Basteln,工艺,Floral Arranging,Arreglos Florales,Blumenarrangements,插花
Arts, Crafts & Sewing,Arte, Manualidades y Costura,Kunst, Basteln & Nähen,艺术与手工艺,Crafting,Manualidades,Basteln,工艺,Leathercraft,Artesanía en Cuero,Lederarbeiten,皮革工艺
Arts, Crafts & Sewing,Arte, Manualidades y Costura,Kunst, Basteln & Nähen,艺术与手工艺,Crafting,Manualidades,Basteln,工艺,Mosaic Making,Arte en Mosaico,Mosaikkunst,马赛克制作
Arts, Crafts & Sewing,Arte, Manualidades y Costura,Kunst, Basteln & Nähen,艺术与手工艺,Crafting,Manualidades,Basteln,工艺,Paper & Paper Crafts,Papel y Manualidades en Papel,Papier & Papierkunst,纸艺
Arts, Crafts & Sewing,Arte, Manualidades y Costura,Kunst, Basteln & Nähen,艺术与手工艺,Crafting,Manualidades,Basteln,工艺,Picture Framing,Enmarcado de Cuadros,Bilderrahmen,图片装裱
Arts, Crafts & Sewing,Arte, Manualidades y Costura,Kunst, Basteln & Nähen,艺术与手工艺,Crafting,Manualidades,Basteln,工艺,Scratchboards & Foil Engraving,Rascadores y Grabado en Foil,Kratzbretter & Folienprägung,刮痧板
Arts, Crafts & Sewing,Arte, Manualidades y Costura,Kunst, Basteln & Nähen,艺术与手工艺,Crafting,Manualidades,Basteln,工艺,Sculpture Supplies,Suministros para Escultura,Bildhauerzubehör,雕塑用品
Arts, Crafts & Sewing,Arte, Manualidades y Costura,Kunst, Basteln & Nähen,艺术与手工艺,Crafting,Manualidades,Basteln,工艺,Soap Making,Fabricación de Jabón,Seifenherstellung,肥皂制作
Arts, Crafts & Sewing,Arte, Manualidades y Costura,Kunst, Basteln & Nähen,艺术与手工艺,Crafting,Manualidades,Basteln,工艺,Stained Glass Making,Vidrieras,Buntglasherstellung,彩色玻璃制作
Arts, Crafts & Sewing,Arte, Manualidades y Costura,Kunst, Basteln & Nähen,艺术与手工艺,Crafting,Manualidades,Basteln,工艺,Suncatcher Supplies,Suministros para Atrapasoles,Atrapasoles-Zubehör,阳光捕手用品
Arts, Crafts & Sewing,Arte, Manualidades y Costura,Kunst, Basteln & Nähen,艺术与手工艺,Crafting,Manualidades,Basteln,工艺,Weaving & Spinning,Tejido y Hilado,Weben & Spinnen,纺织
Arts, Crafts & Sewing,Arte, Manualidades y Costura,Kunst, Basteln & Nähen,艺术与手工艺,Crafting,Manualidades,Basteln,工艺,Woodcrafts,Artesanía en Madera,Holzkunst,木制工艺品
Arts, Crafts & Sewing,Arte, Manualidades y Costura,Kunst, Basteln & Nähen,艺术与手工艺,Knitting & Crochet,Tejido y Ganchillo,Stricken & Häkeln,编织与钩针,Crochet Hooks,Ganchillos,Häkelnadeln,钩针钩
Arts, Crafts & Sewing,Arte, Manualidades y Costura,Kunst, Basteln & Nähen,艺术与手工艺,Knitting & Crochet,Tejido y Ganchillo,Stricken & Häkeln,编织与钩针,Crochet Kits,Kits de Ganchillo,Häkelsets,钩针包
Arts, Crafts & Sewing,Arte, Manualidades y Costura,Kunst, Basteln & Nähen,艺术与手工艺,Knitting & Crochet,Tejido y Ganchillo,Stricken & Häkeln,编织与钩针,Crochet Patterns,Patrones de Ganchillo,Häkelanleitungen,钩织图案
Arts, Crafts & Sewing,Arte, Manualidades y Costura,Kunst, Basteln & Nähen,艺术与手工艺,Knitting & Crochet,Tejido y Ganchillo,Stricken & Häkeln,编织与钩针,Crochet Thread,Hilo de Ganchillo,Häkelgarn,钩针线
Arts, Crafts & Sewing,Arte, Manualidades y Costura,Kunst, Basteln & Nähen,艺术与手工艺,Knitting & Crochet,Tejido y Ganchillo,Stricken & Häkeln,编织与钩针,Knitting & Crochet Notions,Accesorios para Tejer y Hacer Ganchillo,Strick- & Häkelzubehör,编织配件
Arts, Crafts & Sewing,Arte, Manualidades y Costura,Kunst, Basteln & Nähen,艺术与手工艺,Knitting & Crochet,Tejido y Ganchillo,Stricken & Häkeln,编织与钩针,Knitting Kits,Kits de Tejido,Stricksets,编织套件
Arts, Crafts & Sewing,Arte, Manualidades y Costura,Kunst, Basteln & Nähen,艺术与手工艺,Knitting & Crochet,Tejido y Ganchillo,Stricken & Häkeln,编织与钩针,Knitting Looms & Boards,Telares y Tablas de Tejer,Strickrahmen & -bretter,编织机与织布机
Arts, Crafts & Sewing,Arte, Manualidades y Costura,Kunst, Basteln & Nähen,艺术与手工艺,Knitting & Crochet,Tejido y Ganchillo,Stricken & Häkeln,编织与钩针,Knitting Needles,Agujas de Tejer,Stricknadeln,毛衣针
Arts, Crafts & Sewing,Arte, Manualidades y Costura,Kunst, Basteln & Nähen,艺术与手工艺,Knitting & Crochet,Tejido y Ganchillo,Stricken & Häkeln,编织与钩针,Knitting Patterns,Patrones de Tejido,Strickanleitungen,针织图案
Arts, Crafts & Sewing,Arte, Manualidades y Costura,Kunst, Basteln & Nähen,艺术与手工艺,Knitting & Crochet,Tejido y Ganchillo,Stricken & Häkeln,编织与钩针,Needle Cases,Estuches para Agujas,Nadeletuis,针套
Arts, Crafts & Sewing,Arte, Manualidades y Costura,Kunst, Basteln & Nähen,艺术与手工艺,Knitting & Crochet,Tejido y Ganchillo,Stricken & Häkeln,编织与钩针,Yarn,Hilo,Garn,纱线
Arts, Crafts & Sewing,Arte, Manualidades y Costura,Kunst, Basteln & Nähen,艺术与手工艺,Model & Hobby Building,Modelismo y Maquetas,Modellbau,模型制作,Accessories, Hardware & Tools,Accesorios, Herramientas y Ferretería,Zubehör & Werkzeug,配件与工具
Arts, Crafts & Sewing,Arte, Manualidades y Costura,Kunst, Basteln & Nähen,艺术与手工艺,Model & Hobby Building,Modelismo y Maquetas,Modellbau,模型制作,Model Kits,Kits de Maquetas,Modellbausätze,模型套件
Arts, Crafts & Sewing,Arte, Manualidades y Costura,Kunst, Basteln & Nähen,艺术与手工艺,Model & Hobby Building,Modelismo y Maquetas,Modellbau,模型制作,Model Trains & Accessories,Trenes y Accesorios,Modelleisenbahnen,火车模型
Arts, Crafts & Sewing,Arte, Manualidades y Costura,Kunst, Basteln & Nähen,艺术与手工艺,Model & Hobby Building,Modelismo y Maquetas,Modellbau,模型制作,Pinewood Derby,Pinewood Derby,Wood-Derby,松木赛车
Arts, Crafts & Sewing,Arte, Manualidades y Costura,Kunst, Basteln & Nähen,艺术与手工艺,Model & Hobby Building,Modelismo y Maquetas,Modellbau,模型制作,Pre-Built & Diecast Models,Modelos ya Montados y Fundidos,Fertigmodelle,成品模型
Arts, Crafts & Sewing,Arte, Manualidades y Costura,Kunst, Basteln & Nähen,艺术与手工艺,Model & Hobby Building,Modelismo y Maquetas,Modellbau,模型制作,Rockets,Cohetes,Raketen,火箭模型
Arts, Crafts & Sewing,Arte, Manualidades y Costura,Kunst, Basteln & Nähen,艺术与手工艺,Needlework,Bordado y Costura,Handarbeiten,刺绣与针线活,Cross-Stitch,Punto de Cruz,Kreuzstich,十字绣
Arts, Crafts & Sewing,Arte, Manualidades y Costura,Kunst, Basteln & Nähen,艺术与手工艺,Needlework,Bordado y Costura,Handarbeiten,刺绣与针线活,Embroidery,Bordado,Stickerei,绣花
Arts, Crafts & Sewing,Arte, Manualidades y Costura,Kunst, Basteln & Nähen,艺术与手工艺,Needlework,Bordado y Costura,Handarbeiten,刺绣与针线活,Felt Applique Kits,Kits de Aplicaciones de Fieltro,Filzapplikationssets,毡制贴花套装
Arts, Crafts & Sewing,Arte, Manualidades y Costura,Kunst, Basteln & Nähen,艺术与手工艺,Needlework,Bordado y Costura,Handarbeiten,刺绣与针线活,Latch Hook,Ganchillo de Nudo,Knüpfhaken,插销钩
Arts, Crafts & Sewing,Arte, Manualidades y Costura,Kunst, Basteln & Nähen,艺术与手工艺,Needlework,Bordado y Costura,Handarbeiten,刺绣与针线活,Needle Felting Supplies,Suministros para Fieltro con Aguja,Handarbeit,针刺用品
Arts, Crafts & Sewing,Arte, Manualidades y Costura,Kunst, Basteln & Nähen,艺术与手工艺,Needlework,Bordado y Costura,Handarbeiten,刺绣与针线活,Needlepoint,Bordado de Aguja,Handarbeit,针刺
Arts, Crafts & Sewing,Arte, Manualidades y Costura,Kunst, Basteln & Nähen,艺术与手工艺,Needlework,Bordado y Costura,Handarbeiten,刺绣与针线活,Punch Needle & Rug Punch,Aguja Perforadora y Punch de Alfombras,Punch Needle,冲床针
Arts, Crafts & Sewing,Arte, Manualidades y Costura,Kunst, Basteln & Nähen,艺术与手工艺,Needlework,Bordado y Costura,Handarbeiten,刺绣与针线活,Tatting & Lacemaking,Frivolidad y Encaje,Klöppeln & Spitze,梭织和花边制作
Arts, Crafts & Sewing,Arte, Manualidades y Costura,Kunst, Basteln & Nähen,艺术与手工艺,Painting, Drawing & Art Supplies,Pintura, Dibujo y Suministros de Arte,Malen, Zeichnen & Kunstzubehör,绘画与素描,Art Paper,Papel para Arte,Kunstpapier,艺术纸
Arts, Crafts & Sewing,Arte, Manualidades y Costura,Kunst, Basteln & Nähen,艺术与手工艺,Painting, Drawing & Art Supplies,Pintura, Dibujo y Suministros de Arte,Malen, Zeichnen & Kunstzubehör,绘画与素描,Boards & Canvas,Tableros y Lienzos,Keilrahmen,画板与帆布
Arts, Crafts & Sewing,Arte, Manualidades y Costura,Kunst, Basteln & Nähen,艺术与手工艺,Painting, Drawing & Art Supplies,Pintura, Dibujo y Suministros de Arte,Malen, Zeichnen & Kunstzubehör,绘画与素描,Drawing,Dibujo,Zeichnen,绘图
Arts, Crafts & Sewing,Arte, Manualidades y Costura,Kunst, Basteln & Nähen,艺术与手工艺,Painting, Drawing & Art Supplies,Pintura, Dibujo y Suministros de Arte,Malen, Zeichnen & Kunstzubehör,绘画与素描,Easels,Caballetes,Staffeleien,画架
Arts, Crafts & Sewing,Arte, Manualidades y Costura,Kunst, Basteln & Nähen,艺术与手工艺,Painting, Drawing & Art Supplies,Pintura, Dibujo y Suministros de Arte,Malen, Zeichnen & Kunstzubehör,绘画与素描,Painting,Pintura,Malerei,绘画
Arts, Crafts & Sewing,Arte, Manualidades y Costura,Kunst, Basteln & Nähen,艺术与手工艺,Printmaking,Grabado,Druckgrafik,版画,Etching Supplies,Suministros para Grabado,Radierzubehör,蚀刻用品
Arts, Crafts & Sewing,Arte, Manualidades y Costura,Kunst, Basteln & Nähen,艺术与手工艺,Printmaking,Grabado,Druckgrafik,版画,Heat Press Machines & Accessories,Prensas Térmicas y Accesorios,Transferpressen,热压机
Arts, Crafts & Sewing,Arte, Manualidades y Costura,Kunst, Basteln & Nähen,艺术与手工艺,Printmaking,Grabado,Druckgrafik,版画,Printing Presses & Accessories,Prensas de Impresión y Accesorios,Druckpressen,印刷机
Arts, Crafts & Sewing,Arte, Manualidades y Costura,Kunst, Basteln & Nähen,艺术与手工艺,Printmaking,Grabado,Druckgrafik,版画,Printmaking Inks,Tintas para Grabado,Druckfarben,版画油墨
Arts, Crafts & Sewing,Arte, Manualidades y Costura,Kunst, Basteln & Nähen,艺术与手工艺,Printmaking,Grabado,Druckgrafik,版画,Relief & Block Printing Materials,Relieve y Materiales para Grabado,Reliefdruckmaterialien,凸版材料
Arts, Crafts & Sewing,Arte, Manualidades y Costura,Kunst, Basteln & Nähen,艺术与手工艺,Printmaking,Grabado,Druckgrafik,版画,Screen Printing,Serigrafía,Siebdruck,丝网印刷
Arts, Crafts & Sewing,Arte, Manualidades y Costura,Kunst, Basteln & Nähen,艺术与手工艺,Scrapbooking & Stamping,Álbumes de Recortes y Estampado,Kreativscrapbooking,剪贴簿与印章,Adhesive Vinyl,Vinilo Adhesivo,Klebefolie,粘性乙烯基
Arts, Crafts & Sewing,Arte, Manualidades y Costura,Kunst, Basteln & Nähen,艺术与手工艺,Scrapbooking & Stamping,Álbumes de Recortes y Estampado,Kreativscrapbooking,剪贴簿与印章,Adhesives,Adhesivos,Klebstoffe,粘合剂
Arts, Crafts & Sewing,Arte, Manualidades y Costura,Kunst, Basteln & Nähen,艺术与手工艺,Scrapbooking & Stamping,Álbumes de Recortes y Estampado,Kreativscrapbooking,剪贴簿与印章,Albums & Refills,Álbumes y Recambios,Alben & Nachfüllungen,相册与内页
Arts, Crafts & Sewing,Arte, Manualidades y Costura,Kunst, Basteln & Nähen,艺术与手工艺,Scrapbooking & Stamping,Álbumes de Recortes y Estampado,Kreativscrapbooking,剪贴簿与印章,Chipboard,Cartón Pluma,Spanplatte,硬纸板
Arts, Crafts & Sewing,Arte, Manualidades y Costura,Kunst, Basteln & Nähen,艺术与手工艺,Scrapbooking & Stamping,Álbumes de Recortes y Estampado,Kreativscrapbooking,剪贴簿与印章,Die-Cutting & Embossing,Corte y Relieve,Stanzen & Prägen,模切与压花
Arts, Crafts & Sewing,Arte, Manualidades y Costura,Kunst, Basteln & Nähen,艺术与手工艺,Scrapbooking & Stamping,Álbumes de Recortes y Estampado,Kreativscrapbooking,剪贴簿与印章,Kits,Kits,Sets,套件
Arts, Crafts & Sewing,Arte, Manualidades y Costura,Kunst, Basteln & Nähen,艺术与手工艺,Scrapbooking & Stamping,Álbumes de Recortes y Estampado,Kreativscrapbooking,剪贴簿与印章,Paper & Card Stock,Papel y Cartulina,Papier & Karton,卡纸
Arts, Crafts & Sewing,Arte, Manualidades y Costura,Kunst, Basteln & Nähen,艺术与手工艺,Scrapbooking & Stamping,Álbumes de Recortes y Estampado,Kreativscrapbooking,剪贴簿与印章,Stamps & Ink Pads,Sellos y Almohadillas,Stempel & Stempelkissen,印章与印台
Automotive,Automoción,Automotive,汽车,Car Care,Cuidado del Automóvil,Autopflege,汽车护理,Cleaning Kits,Kits de Limpieza,Reinigungssets,洗车用品套组
Automotive,Automoción,Automotive,汽车,Car Care,Cuidado del Automóvil,Autopflege,汽车护理,Exterior Care,Cuidado Exterior,Exterieurpflege,外部护理
Automotive,Automoción,Automotive,汽车,Car Care,Cuidado del Automóvil,Autopflege,汽车护理,Fillers, Adhesives & Sealants,Rellenos, Adhesivos y Selladores,Füller, Klebstoffe & Dichtmassen,填充剂与粘合剂
Automotive,Automoción,Automotive,汽车,Car Care,Cuidado del Automóvil,Autopflege,汽车护理,Finishing,Acabado,Lackaufbereitung,完善
Automotive,Automoción,Automotive,汽车,Car Care,Cuidado del Automóvil,Autopflege,汽车护理,Interior Care,Cuidado Interior,Innenraumpflege,内部护理
Automotive,Automoción,Automotive,汽车,Car Care,Cuidado del Automóvil,Autopflege,汽车护理,Tire & Wheel Care,Cuidado de Neumáticos y Llantas,Reifen- & Felgenpflege,轮胎护理
Automotive,Automoción,Automotive,汽车,Car Care,Cuidado del Automóvil,Autopflege,汽车护理,Tools & Equipment,Herramientas y Equipos,Werkzeuge & Geräte,工具与设备
Automotive,Automoción,Automotive,汽车,Exterior Accessories,Accesorios Exteriores,Exterieur-Zubehör,外部配件,Antenna Toppers,Adornos para Antenas,Antennenfiguren,天线顶盖
Automotive,Automoción,Automotive,汽车,Exterior Accessories,Accesorios Exteriores,Exterieur-Zubehör,外部配件,Bumper Stickers, Decals & Magnets,Calcomanías y Decoraciones,Aufkleber & Magnete,保险杠贴纸
Automotive,Automoción,Automotive,汽车,Exterior Accessories,Accesorios Exteriores,Exterieur-Zubehör,外部配件,Cargo Management,Gestión de Carga,Laderaumorganisation,货物管理
Automotive,Automoción,Automotive,汽车,Exterior Accessories,Accesorios Exteriores,Exterieur-Zubehör,外部配件,Covers,Cubiertas,Abdeckungen,覆盖物
Automotive,Automoción,Automotive,汽车,Exterior Accessories,Accesorios Exteriores,Exterieur-Zubehör,外部配件,Deflectors & Shields,Deflectores y Protectores,Windabweiser & Schutzbleche,偏转器
Automotive,Automoción,Automotive,汽车,Exterior Accessories,Accesorios Exteriores,Exterieur-Zubehör,外部配件,Emblems,Emblemas,Embleme,车标
Automotive,Automoción,Automotive,汽车,Exterior Accessories,Accesorios Exteriores,Exterieur-Zubehör,外部配件,Fender Flares & Trim,Extensiones de Guardabarros,Kotflügelverbreiterungen,挡泥板
Automotive,Automoción,Automotive,汽车,Exterior Accessories,Accesorios Exteriores,Exterieur-Zubehör,外部配件,Grilles & Grille Guards,Rejillas y Protectores,Kühlergrills & Schutzgitter,格栅
Automotive,Automoción,Automotive,汽车,Exterior Accessories,Accesorios Exteriores,Exterieur-Zubehör,外部配件,License Plate Covers & Frames,Portaplacas y Marcos,Kennzeichenhalter,车牌架
Automotive,Automoción,Automotive,汽车,Exterior Accessories,Accesorios Exteriores,Exterieur-Zubehör,外部配件,Mud Flaps & Splash Guards,Guardabarros y Protectores contra Salpicaduras,Schmutzfänger,挡泥板
Automotive,Automoción,Automotive,汽车,Exterior Accessories,Accesorios Exteriores,Exterieur-Zubehör,外部配件,Running Boards & Steps,Estribos y Pasos,Seitenschweller,踏板
Automotive,Automoción,Automotive,汽车,Exterior Accessories,Accesorios Exteriores,Exterieur-Zubehör,外部配件,Towing Products & Winches,Productos de Remolque y Cabrestantes,Anhängerkupplungen & Winden,拖车产品
Baby Products,Productos para Bebé,Babyartikel,婴儿产品,Baby Care,Cuidado del Bebé,Babypflege,婴儿护理,Bathing,Baño,Baden,洗澡用品
Baby Products,Productos para Bebé,Babyartikel,婴儿产品,Baby Care,Cuidado del Bebé,Babypflege,婴儿护理,Grooming,Aseo,Pflege,仪表护理
Baby Products,Productos para Bebé,Babyartikel,婴儿产品,Baby Care,Cuidado del Bebé,Babypflege,婴儿护理,Pacifiers, Teethers & Teething Relief,Chupetes y Mordedores,Schnuller & Beißringe,安抚奶嘴与牙胶
Baby Products,Productos para Bebé,Babyartikel,婴儿产品,Car Seats & Accessories,Sillas de Coche y Accesorios,Kindersitze & Zubehör,汽车座椅,Car Seats,Sillas de Coche,Kindersitze,汽车座椅
Baby Products,Productos para Bebé,Babyartikel,婴儿产品,Car Seats & Accessories,Sillas de Coche y Accesorios,Kindersitze & Zubehör,汽车座椅,Accessories,Accesorios,Zubehör,配件
Baby Products,Productos para Bebé,Babyartikel,婴儿产品,Diapering,Pañales,Windelpflege,护理用品,Diaper Bags,Pañaleras,Windeltaschen,尿布袋
Baby Products,Productos para Bebé,Babyartikel,婴儿产品,Diapering,Pañales,Windelpflege,护理用品,Diaper Pails & Refills,Cubos de Pañales y Recambios,Windeleimer & Nachfüllungen,尿布桶
Baby Products,Productos para Bebé,Babyartikel,婴儿产品,Diapering,Pañales,Windelpflege,护理用品,Disposable Diapers,Pañales Desechables,Einwegwindeln,一次性纸尿裤
Baby Products,Productos para Bebé,Babyartikel,婴儿产品,Feeding,Alimentación,Fütterung,喂食用品,Baby Foods,Alimentos para Bebé,Babynahrung,婴儿食品
Baby Products,Productos para Bebé,Babyartikel,婴儿产品,Feeding,Alimentación,Fütterung,喂食用品,Bibs & Burp Cloths,Baberos y Paños,Lätzchen & Spucktücher,围兜与拍嗝巾
Baby Products,Productos para Bebé,Babyartikel,婴儿产品,Feeding,Alimentación,Fütterung,喂食用品,Bottle-Feeding,Alimentación con Biberón,Flaschenfütterung,奶瓶喂养
Baby Products,Productos para Bebé,Babyartikel,婴儿产品,Feeding,Alimentación,Fütterung,喂食用品,Breastfeeding,Lactancia,Stillen,母乳喂养
Baby Products,Productos para Bebé,Babyartikel,婴儿产品,Feeding,Alimentación,Fütterung,喂食用品,Highchairs & Booster Seats,Tronas y Asientos Elevadores,Hochstühle & Sitzerhöhungen,高脚椅
Baby Products,Productos para Bebé,Babyartikel,婴儿产品,Nursery,Habitación del Bebé,Kinderzimmer,婴儿房用品,Bedding,Ropa de Cama,Bettwäsche,床上用品
Baby Products,Productos para Bebé,Babyartikel,婴儿产品,Nursery,Habitación del Bebé,Kinderzimmer,婴儿房用品,Décor,Decoración,Dekoration,装饰品
Baby Products,Productos para Bebé,Babyartikel,婴儿产品,Nursery,Habitación del Bebé,Kinderzimmer,婴儿房用品,Furniture,Muebles,Möbel,家具
Baby Products,Productos para Bebé,Babyartikel,婴儿产品,Strollers & Accessories,Coches de Bebé y Accesorios,Kinderwagen & Zubehör,婴儿车,Strollers,Coches de Bebé,Kinderwagen,婴儿车
Beauty & Personal Care,Belleza y Cuidado Personal,Schönheit & Körperpflege,美容与个人护理,Foot, Hand & Nail Care,Cuidado de Pies, Manos y Uñas,Fuß-, Hand- & Nagelpflege,手足护理,Foot & Hand Care,Cuidado de Manos y Pies,Hand- & Fußpflege,手足护理
Beauty & Personal Care,Belleza y Cuidado Personal,Schönheit & Körperpflege,美容与个人护理,Foot, Hand & Nail Care,Cuidado de Pies, Manos y Uñas,Fuß-, Hand- & Nagelpflege,手足护理,Nail Art & Polish,Arte y Esmalte de Uñas,Nagelkunst & -lacke,美甲艺术与指甲油
Beauty & Personal Care,Belleza y Cuidado Personal,Schönheit & Körperpflege,美容与个人护理,Foot, Hand & Nail Care,Cuidado de Pies, Manos y Uñas,Fuß-, Hand- & Nagelpflege,手足护理,Nail Care,Cuidado de Uñas,Nagelpflege,指甲护理
Beauty & Personal Care,Belleza y Cuidado Personal,Schönheit & Körperpflege,美容与个人护理,Foot, Hand & Nail Care,Cuidado de Pies, Manos y Uñas,Fuß-, Hand- & Nagelpflege,手足护理,Tools & Accessories,Herramientas y Accesorios,Werkzeuge & Zubehör,美甲工具
Beauty & Personal Care,Belleza y Cuidado Personal,Schönheit & Körperpflege,美容与个人护理,Fragrance,Fragancias,Düfte,香水,Children's,Infantil,Kinder,儿童香水
Beauty & Personal Care,Belleza y Cuidado Personal,Schönheit & Körperpflege,美容与个人护理,Fragrance,Fragancias,Düfte,香水,Men's,Hombre,Herren,男士香水
Beauty & Personal Care,Belleza y Cuidado Personal,Schönheit & Körperpflege,美容与个人护理,Fragrance,Fragancias,Düfte,香水,Women's,Mujer,Damen,女士香水
Beauty & Personal Care,Belleza y Cuidado Personal,Schönheit & Körperpflege,美容与个人护理,Hair Care,Cuidado del Cabello,Haarpflege,护发,Hair Accessories,Accesorios para el Cabello,Haaraccessoires,发饰
Beauty & Personal Care,Belleza y Cuidado Personal,Schönheit & Körperpflege,美容与个人护理,Hair Care,Cuidado del Cabello,Haarpflege,护发,Hair Coloring Products,Productos para Teñir el Cabello,Haarfärbemittel,染发产品
Beauty & Personal Care,Belleza y Cuidado Personal,Schönheit & Körperpflege,美容与个人护理,Hair Care,Cuidado del Cabello,Haarpflege,护发,Hair Cutting Tools,Herramientas de Corte de Cabello,Haarschneidewerkzeuge,理发工具
Beauty & Personal Care,Belleza y Cuidado Personal,Schönheit & Körperpflege,美容与个人护理,Hair Care,Cuidado del Cabello,Haarpflege,护发,Hair Extensions, Wigs & Accessories,Extensiones, Pelucas y Accesorios,Haarverlängerungen & Perücken,假发与接发
Beauty & Personal Care,Belleza y Cuidado Personal,Schönheit & Körperpflege,美容与个人护理,Hair Care,Cuidado del Cabello,Haarpflege,护发,Shampoo & Conditioner,Champú y Acondicionador,Shampoo & Conditioner,洗发水与护发素
Beauty & Personal Care,Belleza y Cuidado Personal,Schönheit & Körperpflege,美容与个人护理,Hair Care,Cuidado del Cabello,Haarpflege,护发,Styling Products,Productos de Peinado,Stylingprodukte,造型产品
Beauty & Personal Care,Belleza y Cuidado Personal,Schönheit & Körperpflege,美容与个人护理,Makeup,Maquillaje,Make-up,彩妆,Body,Cuerpo,Körper,身体彩妆
Beauty & Personal Care,Belleza y Cuidado Personal,Schönheit & Körperpflege,美容与个人护理,Makeup,Maquillaje,Make-up,彩妆,Eyes,Ojos,Augen,眼部彩妆
Beauty & Personal Care,Belleza y Cuidado Personal,Schönheit & Körperpflege,美容与个人护理,Makeup,Maquillaje,Make-up,彩妆,Face,Rostro,Make-up,面部彩妆
Beauty & Personal Care,Belleza y Cuidado Personal,Schönheit & Körperpflege,美容与个人护理,Makeup,Maquillaje,Make-up,彩妆,Lips,Labios,Lippen,唇部彩妆
Beauty & Personal Care,Belleza y Cuidado Personal,Schönheit & Körperpflege,美容与个人护理,Makeup,Maquillaje,Make-up,彩妆,Makeup Remover,Desmaquillante,Make-up-Entferner,卸妆液
Beauty & Personal Care,Belleza y Cuidado Personal,Schönheit & Körperpflege,美容与个人护理,Makeup,Maquillaje,Make-up,彩妆,Makeup Sets,Sets de Maquillaje,Make-up-Sets,彩妆套装
Beauty & Personal Care,Belleza y Cuidado Personal,Schönheit & Körperpflege,美容与个人护理,Personal Care,Cuidado Personal,Körperpflege,个人护理,Bath & Bathing Accessories,Accesorios de Baño,Badezubehör,沐浴配件
Beauty & Personal Care,Belleza y Cuidado Personal,Schönheit & Körperpflege,美容与个人护理,Personal Care,Cuidado Personal,Körperpflege,个人护理,Deodorants & Antiperspirants,Desodorantes y Antitranspirantes,Deodorants & Antitranspirantien,止汗剂与除臭剂
Beauty & Personal Care,Belleza y Cuidado Personal,Schönheit & Körperpflege,美容与个人护理,Personal Care,Cuidado Personal,Körperpflege,个人护理,Piercing & Tattoo Supplies,Suministros para Piercings y Tatuajes,Piercing- & Tattoozubehör,穿刺与纹身用品
Beauty & Personal Care,Belleza y Cuidado Personal,Schönheit & Körperpflege,美容与个人护理,Shaving & Hair Removal,Afiliado y Depilación,Rasur & Haarentfernung,剃须与脱毛,Men's,Hombre,Herren,男士剃须用品
Beauty & Personal Care,Belleza y Cuidado Personal,Schönheit & Körperpflege,美容与个人护理,Shaving & Hair Removal,Afiliado y Depilación,Rasur & Haarentfernung,剃须与脱毛,Women's,Mujer,Damen,女士脱毛用品
Beauty & Personal Care,Belleza y Cuidado Personal,Schönheit & Körperpflege,美容与个人护理,Skin Care,Cuidado de la Piel,Hautpflege,护肤,Body,Cuerpo,Körper,身体护理
Beauty & Personal Care,Belleza y Cuidado Personal,Schönheit & Körperpflege,美容与个人护理,Skin Care,Cuidado de la Piel,Hautpflege,护肤,Eyes,Ojos,Augen,眼部护理
Beauty & Personal Care,Belleza y Cuidado Personal,Schönheit & Körperpflege,美容与个人护理,Skin Care,Cuidado de la Piel,Hautpflege,护肤,Face,Rostro,Gesicht,面部护理
Beauty & Personal Care,Belleza y Cuidado Personal,Schönheit & Körperpflege,美容与个人护理,Skin Care,Cuidado de la Piel,Hautpflege,护肤,Lip Care,Cuidado de Labios,Lippenpflege,唇部护理
Beauty & Personal Care,Belleza y Cuidado Personal,Schönheit & Körperpflege,美容与个人护理,Skin Care,Cuidado de la Piel,Hautpflege,护肤,Sunscreens & Tanning Products,Protectores Solares y Autobronceadores,Sonnencreme & Bräunung,防晒与美黑
Beauty & Personal Care,Belleza y Cuidado Personal,Schönheit & Körperpflege,美容与个人护理,Tools & Accessories,Herramientas y Accesorios,Werkzeuge & Zubehör,工具与配件,Bags & Cases,Bolsas y Estuches,Taschen & Etuis,箱包
Beauty & Personal Care,Belleza y Cuidado Personal,Schönheit & Körperpflege,美容与个人护理,Tools & Accessories,Herramientas y Accesorios,Werkzeuge & Zubehör,工具与配件,Cotton Balls & Swabs,Algodón y Bastoncillos,Wattekugeln & Wattestäbchen,棉球与棉签
Beauty & Personal Care,Belleza y Cuidado Personal,Schönheit & Körperpflege,美容与个人护理,Tools & Accessories,Herramientas y Accesorios,Werkzeuge & Zubehör,工具与配件,Makeup Brushes & Tools,Herramientas y Pinceles de Maquillaje,Make-up-Pinsel,化妆刷与工具
Beauty & Personal Care,Belleza y Cuidado Personal,Schönheit & Körperpflege,美容与个人护理,Tools & Accessories,Herramientas y Accesorios,Werkzeuge & Zubehör,工具与配件,Mirrors,Espejos,Spiegel,镜子
Cell Phones & Accessories,Teléfonos Celulares y Accesorios,Handys & Zubehör,手机与配件,Accessories,Accesorios,Zubehör,配件,Automobile Accessories,Accesorios para Automóviles,Automobilzubehör,汽车配件
Cell Phones & Accessories,Teléfonos Celulares y Accesorios,Handys & Zubehör,手机与配件,Accessories,Accesorios,Zubehör,配件,Cables & Adapters,Cables y Adaptadores,Kabel & Adapter,数据线与适配器
Cell Phones & Accessories,Teléfonos Celulares y Accesorios,Handys & Zubehör,手机与配件,Accessories,Accesorios,Zubehör,配件,Chargers & Power Adapters,Cargadores y Adaptadores de Corriente,Ladegeräte & Netzteile,充电器与适配器
Cell Phones & Accessories,Teléfonos Celulares y Accesorios,Handys & Zubehör,手机与配件,Accessories,Accesorios,Zubehör,配件,Mounts,Soportes,Halterungen,支架
Cell Phones & Accessories,Teléfonos Celulares y Accesorios,Handys & Zubehör,手机与配件,Accessories,Accesorios,Zubehör,配件,Stylus Pens,Lápices Ópticos,Eingabestifte,触控笔
Cell Phones & Accessories,Teléfonos Celulares y Accesorios,Handys & Zubehör,手机与配件,Cases, Holsters & Sleeves,Fundas, Pistoleras y Mangas,Hüllen, Schutzbezüge & Taschen,手机壳与保护套,Armbands,Brazaletes,Armbänder,臂带
Cell Phones & Accessories,Teléfonos Celulares y Accesorios,Handys & Zubehör,手机与配件,Cases, Holsters & Sleeves,Fundas, Pistoleras y Mangas,Hüllen, Schutzbezüge & Taschen,手机壳与保护套,Basic Cases,Fundas Básicas,Standardhüllen,基础保护壳
Cell Phones & Accessories,Teléfonos Celulares y Accesorios,Handys & Zubehör,手机与配件,Cases, Holsters & Sleeves,Fundas, Pistoleras y Mangas,Hüllen, Schutzbezüge & Taschen,手机壳与保护套,Flip Cases,Fundas de Tapa,Flip-Hüllen,翻盖保护壳
Clothing, Shoes & Jewelry,Ropa, Calzado y Joyería,Bekleidung, Schuhe & Schmuck,服装鞋履与珠宝,Boys, Niños, Jungen, 男童, Clothing, Ropa, Bekleidung, 男童服装
Clothing, Shoes & Jewelry,Ropa, Calzado y Joyería,Bekleidung, Schuhe & Schmuck,服装鞋履与珠宝,Boys, Niños, Jungen, 男童, Shoes, Zapatos, Schuhe, 男童鞋履
Clothing, Shoes & Jewelry,Ropa, Calzado y Joyería,Bekleidung, Schuhe & Schmuck,服装鞋履与珠宝,Girls, Niñas, Mädchen, 女童, Clothing, Ropa, Bekleidung, 女童服装
Clothing, Shoes & Jewelry,Ropa, Calzado y Joyería,Bekleidung, Schuhe & Schmuck,服装鞋履与珠宝,Girls, Niñas, Mädchen, 女童, Shoes, Zapatos, Schuhe, 女童鞋履
Clothing, Shoes & Jewelry,Ropa, Calzado y Joyería,Bekleidung, Schuhe & Schmuck,服装鞋履与珠宝,Men, Hombres, Herren, 男士, Accessories, Accesorios, Accessoires, 男士配饰
Clothing, Shoes & Jewelry,Ropa, Calzado y Joyería,Bekleidung, Schuhe & Schmuck,服装鞋履与珠宝,Men, Hombres, Herren, 男士, Clothing, Ropa, Bekleidung, 男士服装
Clothing, Shoes & Jewelry,Ropa, Calzado y Joyería,Bekleidung, Schuhe & Schmuck,服装鞋履与珠宝,Men, Hombres, Herren, 男士, Shoes, Zapatos, Schuhe, 男士鞋履
Clothing, Shoes & Jewelry,Ropa, Calzado y Joyería,Bekleidung, Schuhe & Schmuck,服装鞋履与珠宝,Women, Mujeres, Damen, 女士, Accessories, Accesorios, Accessoires, 女士配饰
Clothing, Shoes & Jewelry,Ropa, Calzado y Joyería,Bekleidung, Schuhe & Schmuck,服装鞋履与珠宝,Women, Mujeres, Damen, 女士, Clothing, Ropa, Bekleidung, 女士服装
Clothing, Shoes & Jewelry,Ropa, Calzado y Joyería,Bekleidung, Schuhe & Schmuck,服装鞋履与珠宝,Women, Mujeres, Damen, 女士, Jewelry, Joyería, Schmuck, 女士珠宝
Clothing, Shoes & Jewelry,Ropa, Calzado y Joyería,Bekleidung, Schuhe & Schmuck,服装鞋履与珠宝,Women, Mujeres, Damen, 女士, Shoes, Zapatos, Schuhe, 女士鞋履
Electronics,Electrónica,Elektronik,电子产品,Accessories & Supplies,Accesorios y Suministros,Zubehör & Verbrauchsmaterial,配件与耗材,Cord Management,Organización de Cables,Kabelmanagement,线缆管理
Electronics,Electrónica,Elektronik,电子产品,Accessories & Supplies,Accesorios y Suministros,Zubehör & Verbrauchsmaterial,配件与耗材,Power Strips & Surge Protectors,Regletas y Protectores contra Sobretensiones,Steckdosenleisten & Überspannungsschutz,电源排插与防雷
Electronics,Electrónica,Elektronik,电子产品,Camera & Photo,Cámara y Fotografía,Kamera & Foto,相机与摄影,Accessories,Accesorios,Zubehör,相机配件
Electronics,Electrónica,Elektronik,电子产品,Camera & Photo,Cámara y Fotografía,Kamera & Foto,相机与摄影,Binoculars & Scopes,Prismáticos y Mirillas,Ferngläser & Zielfernrohre,双筒望远镜与瞄准镜
Electronics,Electrónica,Elektronik,电子产品,Camera & Photo,Cámara y Fotografía,Kamera & Foto,相机与摄影,Digital Cameras,Cámaras Digitales,Digitalkameras,数码相机
Electronics,Electrónica,Elektronik,电子产品,Camera & Photo,Cámara y Fotografía,Kamera & Foto,相机与摄影,Tripods & Monopods,Trípodes y Monopies,Stative & Einbeinstative,三脚架与独脚架
Electronics,Electrónica,Elektronik,电子产品,Computers & Accessories,Computadoras y Accesorios,Computer & Zubehör,电脑与配件,Computer Accessories & Peripherals,Accesorios y Periféricos para Computadoras,Computerzubehör & Peripherie,电脑配件与外设
Electronics,Electrónica,Elektronik,电子产品,Computers & Accessories,Computadoras y Accesorios,Computer & Zubehör,电脑与配件,Laptop Accessories,Accesorios para Portátiles,Laptop-Zubehör,笔记本配件
Electronics,Electrónica,Elektronik,电子产品,Computers & Accessories,Computadoras y Accesorios,Computer & Zubehör,电脑与配件,Monitors,Monitores,Monitore,显示器
Electronics,Electrónica,Elektronik,电子产品,Headphones, Earbuds & Accessories,Auriculares, Manos Libres y Accesorios,Kopfhörer, Ohrhörer & Zubehör,耳机耳塞与配件,Headphones & Earbuds,Auriculares y Manos Libres,Kopfhörer & Ohrhörer,头戴式与入耳式耳机
Electronics,Electrónica,Elektronik,电子产品,Headphones, Earbuds & Accessories,Auriculares, Manos Libres y Accesorios,Kopfhörer, Ohrhörer & Zubehör,耳机耳塞与配件,Earpads,Almohadillas para Auriculares,Ohrpolster,耳罩垫
Electronics,Electrónica,Elektronik,电子产品,Home Audio,Audio para el Hogar,Heimaudio,家庭音响,Home Audio Accessories,Accesorios de Audio para el Hogar,Heimaudio-Zubehör,音响配件
Electronics,Electrónica,Elektronik,电子产品,Home Audio,Audio para el Hogar,Heimaudio,家庭音响,Speakers,Altavoces,Lautsprecher,扬声器
Electronics,Electrónica,Elektronik,电子产品,Television & Video,Televisión y Video,Fernsehen & Video,电视与视频,Accessories,Accesorios,Zubehör,电视配件
Electronics,Electrónica,Elektronik,电子产品,Television & Video,Televisión y Video,Fernsehen & Video,电视与视频,Streaming Media Players,Reproductores de Streaming,Streaming-Media-Player,流媒体播放器
Electronics,Electrónica,Elektronik,电子产品,Television & Video,Televisión y Video,Fernsehen & Video,电视与视频,Televisions,Televisiones,Fernseher,电视机
Electronics,Electrónica,Elektronik,电子产品,Wearable Technology,Tecnología Vestible,Wearables,可穿戴技术,Smartwatches,Relojes Inteligentes,Smartwatches,智能手表
Grocery & Gourmet Food,Alimentos y Gourmet,Lebensmittel & Feinkost,食品与美食,Beverages,Bebidas,Getränke,饮料,Coffee,Café,Kaffee,咖啡
Grocery & Gourmet Food,Alimentos y Gourmet,Lebensmittel & Feinkost,食品与美食,Beverages,Bebidas,Getränke,饮料,Tea,Té,Tee,茶叶
Grocery & Gourmet Food,Alimentos y Gourmet,Lebensmittel & Feinkost,食品与美食,Breads & Bakery,Pan y Pastelería,Brot & Backwaren,面包与烘焙,Cakes,Pasteles,Kuchen,蛋糕
Grocery & Gourmet Food,Alimentos y Gourmet,Lebensmittel & Feinkost,食品与美食,Breads & Bakery,Pan y Pastelería,Brot & Backwaren,面包与烘焙,Cookies,Galletas,Kekse,饼干
Grocery & Gourmet Food,Alimentos y Gourmet,Lebensmittel & Feinkost,食品与美食,Dairy, Cheese & Eggs,Lácteos, Quesos y Huevos,Milchprodukte, Käse & Eier,乳品奶酪与蛋类,Cheese,Queso,Käse,奶酪
Grocery & Gourmet Food,Alimentos y Gourmet,Lebensmittel & Feinkost,食品与美食,Dairy, Cheese & Eggs,Lácteos, Quesos y Huevos,Milchprodukte, Käse & Eier,乳品奶酪与蛋类,Milk & Cream,Leche y Nata,Milch & Sahne,牛奶与奶油
Grocery & Gourmet Food,Alimentos y Gourmet,Lebensmittel & Feinkost,食品与美食,Dairy, Cheese & Eggs,Lácteos, Quesos y Huevos,Milchprodukte, Käse & Eier,乳品奶酪与蛋类,Yogurt,Yogur,Joghurt,酸奶
Grocery & Gourmet Food,Alimentos y Gourmet,Lebensmittel & Feinkost,食品与美食,Frozen,Congelados,Tiefkühlkost,冷冻食品,Ice Cream & Novelties,Helados y Novedades,Eiscreme & Novitäten,冰淇淋与雪糕
Grocery & Gourmet Food,Alimentos y Gourmet,Lebensmittel & Feinkost,食品与美食,Meat & Seafood,Carne y Mariscos,Fleisch & Meeresfrüchte,肉类与海鲜,Beef,Carne de Res,Rindfleisch,牛肉
Grocery & Gourmet Food,Alimentos y Gourmet,Lebensmittel & Feinkost,食品与美食,Meat & Seafood,Carne y Mariscos,Fleisch & Meeresfrüchte,肉类与海鲜,Seafood,Mariscos,Meeresfrüchte,海鲜
Grocery & Gourmet Food,Alimentos y Gourmet,Lebensmittel & Feinkost,食品与美食,Pantry Staples,Despensa Básica,Grundnahrungsmittel,厨房主食,Canned, Jarred & Packaged Foods,Enlatados y Envasados,Konserven,罐头与包装食品
Grocery & Gourmet Food,Alimentos y Gourmet,Lebensmittel & Feinkost,食品与美食,Pantry Staples,Despensa Básica,Grundnahrungsmittel,厨房主食,Condiments & Salad Dressings,Condimentos y Aderezos,Würzmittel & Salatdressings,调味品与沙拉酱
Grocery & Gourmet Food,Alimentos y Gourmet,Lebensmittel & Feinkost,食品与美食,Pantry Staples,Despensa Básica,Grundnahrungsmittel,厨房主食,Cooking & Baking,Cocina y Repostería,Kochen & Backen,烹饪与烘焙
Grocery & Gourmet Food,Alimentos y Gourmet,Lebensmittel & Feinkost,食品与美食,Pantry Staples,Despensa Básica,Grundnahrungsmittel,厨房主食,Herbs, Spices & Seasonings,Especias y Condimentos,Kräuter, Gewürze & Würzmittel,香草与香料
Grocery & Gourmet Food,Alimentos y Gourmet,Lebensmittel & Feinkost,食品与美食,Pantry Staples,Despensa Básica,Grundnahrungsmittel,厨房主食,Pasta & Noodles,Pasta y Fideos,Nudeln & Pasta,意面与面条
Grocery & Gourmet Food,Alimentos y Gourmet,Lebensmittel & Feinkost,食品与美食,Pantry Staples,Despensa Básica,Grundnahrungsmittel,厨房主食,Sauces, Gravies & Marinades,Salsas y Adobos,Soßen & Marinaden,酱汁与腌料
Grocery & Gourmet Food,Alimentos y Gourmet,Lebensmittel & Feinkost,食品与美食,Pantry Staples,Despensa Básica,Grundnahrungsmittel,厨房主食,Soups, Stocks & Broths,Sopas y Caldos,Suppen & Brühen,汤与高汤
Health & Household,Salud y Hogar,Gesundheit & Haushalt,健康与家居,Health Care,Cuidado de la Salud,Gesundheitspflege,健康护理,First Aid,Primeros Auxilios,Erste Hilfe,急救用品
Health & Household,Salud y Hogar,Gesundheit & Haushalt,健康与家居,Health Care,Cuidado de la Salud,Gesundheitspflege,健康护理,Foot Health,Cuidado de los Pies,Fußpflege,足部护理
Health & Household,Salud y Hogar,Gesundheit & Haushalt,健康与家居,Health Care,Cuidado de la Salud,Gesundheitspflege,健康护理,OTC Medications & Treatments,Medicamentos y Tratamientos de Venta Libre,OTC-Medikamente,非处方药
Health & Household,Salud y Hogar,Gesundheit & Haushalt,健康与家居,Household Supplies,Suministros para el Hogar,Haushaltswaren,家居用品,Air Fresheners,Ambientadores,Lufterfrischer,空气清新剂
Health & Household,Salud y Hogar,Gesundheit & Haushalt,健康与家居,Household Supplies,Suministros para el Hogar,Haushaltswaren,家居用品,Cleaning Tools,Herramientas de Limpieza,Reinigungswerkzeuge,清洁工具
Health & Household,Salud y Hogar,Gesundheit & Haushalt,健康与家居,Household Supplies,Suministros para el Hogar,Haushaltswaren,家居用品,Laundry,Lavandería,Wäscherei,洗衣用品
Health & Household,Salud y Hogar,Gesundheit & Haushalt,健康与家居,Medical Supplies & Equipment,Suministros y Equipos Médicos,Medizinische Artikel,医疗用品,Home Tests,Pruebas Caseras,Heimtests,家庭检测用品
Health & Household,Salud y Hogar,Gesundheit & Haushalt,健康与家居,Oral Care,Cuidado Oral,Mundpflege,口腔护理,Dental Floss & Picks,Hilo Dental y Palillos,Zahnseide & Zahnstocher,牙线与牙签
Health & Household,Salud y Hogar,Gesundheit & Haushalt,健康与家居,Oral Care,Cuidado Oral,Mundpflege,口腔护理,Toothbrushes & Accessories,Cepillos de Dientes y Accesorios,Zahnbürsten & Zubehör,牙刷与配件
Health & Household,Salud y Hogar,Gesundheit & Haushalt,健康与家居,Vitamins, Minerals & Supplements,Vitaminas, Minerales y Suplementos,Vitamine, Mineralstoffe & Nahrungsergänzungsmittel,维生素与补充剂,Collagen,Colágeno,Kollagen,胶原蛋白
Health & Household,Salud y Hogar,Gesundheit & Haushalt,健康与家居,Vitamins, Minerals & Supplements,Vitaminas, Minerales y Suplementos,Vitamine, Mineralstoffe & Nahrungsergänzungsmittel,维生素与补充剂,Herbal Supplements,Suplementos Herbales,Pflanzliche Nahrungsergänzungsmittel,草本补充剂
Health & Household,Salud y Hogar,Gesundheit & Haushalt,健康与家居,Vitamins, Minerals & Supplements,Vitaminas, Minerales y Suplementos,Vitamine, Mineralstoffe & Nahrungsergänzungsmittel,维生素与补充剂,Vitamins,Vitaminas,Vitamine,维生素
Home & Kitchen,Hogar y Cocina,Heim & Küche,家居厨房,Bath,Baño,Badezimmer,卫浴用品,Bath Rugs,Alfombras de Baño,Badvorleger,浴室地毯
Home & Kitchen,Hogar y Cocina,Heim & Küche,家居厨房,Bath,Baño,Badezimmer,卫浴用品,Bathroom Accessories,Accesorios de Baño,Badezimmerzubehör,浴室配件
Home & Kitchen,Hogar y Cocina,Heim & Küche,家居厨房,Bath,Baño,Badezimmer,卫浴用品,Towels,Toallas,Handtücher,毛巾
Home & Kitchen,Hogar y Cocina,Heim & Küche,家居厨房,Bedding,Ropa de Cama,Bettwäsche,床上用品,Blankets & Throws,Mantas y Colchas,Decken & Überwürfe,毯子与披肩
Home & Kitchen,Hogar y Cocina,Heim & Küche,家居厨房,Bedding,Ropa de Cama,Bettwäsche,床上用品,Comforters & Sets,Edredones y Juegos,Steppbetten & Sets,被芯与套件
Home & Kitchen,Hogar y Cocina,Heim & Küche,家居厨房,Bedding,Ropa de Cama,Bettwäsche,床上用品,Decorative Pillows, Inserts & Covers,Cojines Decorativos y Fundas,Dekokissen & Bezüge,装饰枕头与枕套
Home & Kitchen,Hogar y Cocina,Heim & Küche,家居厨房,Bedding,Ropa de Cama,Bettwäsche,床上用品,Sheets & Pillowcases,Sábanas y Fundas de Almohada,Bettlaken & Kissenbezüge,床单与枕套
Home & Kitchen,Hogar y Cocina,Heim & Küche,家居厨房,Event & Party Supplies,Suministros para Eventos y Fiestas,Event- & Partyzubehör,派对用品,Decorations,Decoraciones,Dekoration,派对装饰
Home & Kitchen,Hogar y Cocina,Heim & Küche,家居厨房,Event & Party Supplies,Suministros para Eventos y Fiestas,Event- & Partyzubehör,派对用品,Tableware,Vajilla,Tischgeschirr,餐具
Home & Kitchen,Hogar y Cocina,Heim & Küche,家居厨房,Furniture,Muebles,Möbel,家具,Bedroom Furniture,Muebles de Dormitorio,Schlafzimmermöbel,卧室家具
Home & Kitchen,Hogar y Cocina,Heim & Küche,家居厨房,Furniture,Muebles,Möbel,家具,Living Room Furniture,Muebles de Sala,Wohnzimmermöbel,客厅家具
Home & Kitchen,Hogar y Cocina,Heim & Küche,家居厨房,Furniture,Muebles,Möbel,家具,Home Office Furniture,Muebles de Oficina en Casa,Heimbüromöbel,家庭办公家具
Home & Kitchen,Hogar y Cocina,Heim & Küche,家居厨房,Heating, Cooling & Air Quality,Calefacción, Refrigeración y Calidad del Aire,Heizung, Kühlung & Luftqualität,供暖制冷与空气质量,Air Conditioners,Aires Acondicionados,Klimaanlagen,空调
Home & Kitchen,Hogar y Cocina,Heim & Küche,家居厨房,Heating, Cooling & Air Quality,Calefacción, Refrigeración y Calidad del Aire,Heizung, Kühlung & Luftqualität,供暖制冷与空气质量,Air Purifiers,Purificadores de Aire,Luftreiniger,空气净化器
Home & Kitchen,Hogar y Cocina,Heim & Küche,家居厨房,Heating, Cooling & Air Quality,Calefacción, Refrigeración y Calidad del Aire,Heizung, Kühlung & Luftqualität,供暖制冷与空气质量,Household Fans,Ventiladores para el Hogar,Ventilatoren,家用风扇
Home & Kitchen,Hogar y Cocina,Heim & Küche,家居厨房,Heating, Cooling & Air Quality,Calefacción, Refrigeración y Calidad del Aire,Heizung, Kühlung & Luftqualität,供暖制冷与空气质量,Space Heaters,Calefactores,Heizgeräte,取暖器
Home & Kitchen,Hogar y Cocina,Heim & Küche,家居厨房,Home Décor Products,Decoración del Hogar,Wohndekoration,家居装饰,Artificial Plants & Flowers,Plantas y Flores Artificiales,Kunstpflanzen & Blumen,人造植物与花卉
Home & Kitchen,Hogar y Cocina,Heim & Küche,家居厨房,Home Décor Products,Decoración del Hogar,Wohndekoration,家居装饰,Candles & Holders,Velas y Portavelas,Kerzen & Halter,蜡烛与烛台
Home & Kitchen,Hogar y Cocina,Heim & Küche,家居厨房,Home Décor Products,Decoración del Hogar,Wohndekoration,家居装饰,Clocks,Relojes,Uhren,时钟
Home & Kitchen,Hogar y Cocina,Heim & Küche,家居厨房,Home Décor Products,Decoración del Hogar,Wohndekoration,家居装饰,Mirrors,Espejos,Spiegel,装饰镜
Home & Kitchen,Hogar y Cocina,Heim & Küche,家居厨房,Home Décor Products,Decoración del Hogar,Wohndekoration,家居装饰,Photo Albums, Frames & Accessories,Álbumes, Marcos y Accesorios,Fotoalben & Rahmen,相册与相框
Home & Kitchen,Hogar y Cocina,Heim & Küche,家居厨房,Kitchen & Dining,Cocina y Comedor,Küche & Esszimmer,厨房与餐厅,Bakeware,Utensilios de Horno,Backgeschirr,烘焙用具
Home & Kitchen,Hogar y Cocina,Heim & Küche,家居厨房,Kitchen & Dining,Cocina y Comedor,Küche & Esszimmer,厨房与餐厅,Cookware,Utensilios de Cocina,Kochgeschirr,炊具
Home & Kitchen,Hogar y Cocina,Heim & Küche,家居厨房,Kitchen & Dining,Cocina y Comedor,Küche & Esszimmer,厨房与餐厅,Cutlery & Knife Accessories,Cuchillería y Accesorios,Besteck & Messerzubehör,刀具与餐具
Home & Kitchen,Hogar y Cocina,Heim & Küche,家居厨房,Kitchen & Dining,Cocina y Comedor,Küche & Esszimmer,厨房与餐厅,Kitchen Utensils & Gadgets,Utensilios y Aparatos de Cocina,Küchenutensilien & Helfer,厨房工具与小器具
Home & Kitchen,Hogar y Cocina,Heim & Küche,家居厨房,Kitchen & Dining,Cocina y Comedor,Küche & Esszimmer,厨房与餐厅,Small Appliances,Pequeños Electrodomésticos,Kleingeräte,小家电
Home & Kitchen,Hogar y Cocina,Heim & Küche,家居厨房,Seasonal Décor,Decoración Estacional,Saisonale Dekoration,季节性装饰,Ornaments,Adornos,Christbaumschmuck,圣诞装饰
Home & Kitchen,Hogar y Cocina,Heim & Küche,家居厨房,Seasonal Décor,Decoración Estacional,Saisonale Dekoration,季节性装饰,Trees,Árboles,Weihnachtsbäume,圣诞树
Home & Kitchen,Hogar y Cocina,Heim & Küche,家居厨房,Storage & Organization,Almacenamiento y Organización,Aufbewahrung & Organisation,存储与收纳,Clothing & Closet Storage,Almacenamiento de Ropa y Armarios,Kleideraufbewahrung,衣物收纳
Home & Kitchen,Hogar y Cocina,Heim & Küche,家居厨房,Storage & Organization,Almacenamiento y Organización,Aufbewahrung & Organisation,存储与收纳,Home Storage Hooks,Ganchos de Almacenamiento,Organizerhaken,收纳挂钩
Home & Kitchen,Hogar y Cocina,Heim & Küche,家居厨房,Vacuums & Floor Care,Aspiradoras y Cuidado del Piso,Staubsauger & Bodenpflege,吸尘器与地板护理,Vacuum Parts & Accessories,Piezas y Accesorios para Aspiradoras,Staubsaugerteile,吸尘器配件
Home & Kitchen,Hogar y Cocina,Heim & Küche,家居厨房,Vacuums & Floor Care,Aspiradoras y Cuidado del Piso,Staubsauger & Bodenpflege,吸尘器与地板护理,Vacuums,Aspiradoras,Staubsauger,吸尘器
Industrial & Scientific,Industrial y Científico,Industrie & Wissenschaft,工业与科学,Adhesives, Sealants & Lubricants,Adhesivos, Selladores y Lubricantes,Klebstoffe, Dichtmassen & Schmierstoffe,粘合剂密封剂与润滑剂,Adhesive Tapes,Cintas Adhesivas,Klebebänder,胶带
Industrial & Scientific,Industrial y Científico,Industrie & Wissenschaft,工业与科学,Adhesives, Sealants & Lubricants,Adhesivos, Selladores y Lubricantes,Klebstoffe, Dichtmassen & Schmierstoffe,粘合剂密封剂与润滑剂,Industrial Lubricants,Lubricantes Industriales,Industrieschmierstoffe,工业润滑剂
Industrial & Scientific,Industrial y Científico,Industrie & Wissenschaft,工业与科学,Cutting Tools,Herramientas de Corte,Schneidwerkzeuge,切割工具,Drill Adapters,Adaptadores de Taladro,Bohrfutter,钻头适配器
Industrial & Scientific,Industrial y Científico,Industrie & Wissenschaft,工业与科学,Fasteners,Elementos de Fijación,Befestigungselemente,紧固件,Anchors,Anclajes,Dübel,锚栓
Industrial & Scientific,Industrial y Científico,Industrie & Wissenschaft,工业与科学,Fasteners,Elementos de Fijación,Befestigungselemente,紧固件,Bolts,Pernos,Schrauben,螺栓
Industrial & Scientific,Industrial y Científico,Industrie & Wissenschaft,工业与科学,Fasteners,Elementos de Fijación,Befestigungselemente,紧固件,Nails,Clavos,Nägel,钉子
Industrial & Scientific,Industrial y Científico,Industrie & Wissenschaft,工业与科学,Fasteners,Elementos de Fijación,Befestigungselemente,紧固件,Screws,Tornillos,Schrauben,螺钉
Industrial & Scientific,Industrial y Científico,Industrie & Wissenschaft,工业与科学,Fasteners,Elementos de Fijación,Befestigungselemente,紧固件,Washers,Arandelas,Unterlegscheiben,垫圈
Industrial & Scientific,Industrial y Científico,Industrie & Wissenschaft,工业与科学,Hydraulics, Pneumatics & Plumbing,Hidráulica, Neumática y Fontanería,Hydraulik, Pneumatik & Sanitär,液压气动与管道,Fittings,Accesorios para Tuberías,Rohrverbindungen,管件接头
Industrial & Scientific,Industrial y Científico,Industrie & Wissenschaft,工业与科学,Hydraulics, Pneumatics & Plumbing,Hidráulica, Neumática y Fontanería,Hydraulik, Pneumatik & Sanitär,液压气动与管道,Pumps & Accessories,Bombas y Accesorios,Pumpen & Zubehör,泵与配件
Industrial & Scientific,Industrial y Científico,Industrie & Wissenschaft,工业与科学,Lab & Scientific Products,Productos de Laboratorio y Científicos,Labortechnik,实验室用品,Glassware & Labware,Artículos de Vidrio y Materiales de Laboratorio,Laborglas & Laborgeräte,玻璃器皿与实验室器皿
Industrial & Scientific,Industrial y Científico,Industrie & Wissenschaft,工业与科学,Lab & Scientific Products,Productos de Laboratorio y Científicos,Labortechnik,实验室用品,Lab Instruments & Equipment,Instrumentos y Equipos de Laboratorio,Analyseinstrumente,实验室仪器设备
Industrial & Scientific,Industrial y Científico,Industrie & Wissenschaft,工业与科学,Material Handling Products,Productos para Manejo de Materiales,Fördertechnik,物料搬运,Casters,Ruedas,Lenkrollen,脚轮
Industrial & Scientific,Industrial y Científico,Industrie & Wissenschaft,工业与科学,Material Handling Products,Productos para Manejo de Materiales,Fördertechnik,物料搬运,Pallets,Pallets,Paletten,托盘
Industrial & Scientific,Industrial y Científico,Industrie & Wissenschaft,工业与科学,Occupational Health & Safety Products,Productos de Salud y Seguridad Ocupacional,Arbeitssicherheit,职业健康与安全,Personal Protective Equipment,Equipo de Protección Personal,Persönliche Schutzausrüstung (PSA),个人防护设备
Industrial & Scientific,Industrial y Científico,Industrie & Wissenschaft,工业与科学,Occupational Health & Safety Products,Productos de Salud y Seguridad Ocupacional,Arbeitssicherheit,职业健康与安全,Safety Signs & Signals,Señales y Advertencias de Seguridad,Sicherheitsschilder,安全标识
Industrial & Scientific,Industrial y Científico,Industrie & Wissenschaft,工业与科学,Packaging & Shipping Supplies,Suministros de Embalaje y Envío,Verpackungsmaterial,包装与运输,Corrugated Boxes,Cajas de Cartón Corrugado,Wellpappkartons,瓦楞纸箱
Industrial & Scientific,Industrial y Científico,Industrie & Wissenschaft,工业与科学,Packaging & Shipping Supplies,Suministros de Embalaje y Envío,Verpackungsmaterial,包装与运输,Packaging Labels & Tags,Etiquetas y Marcas de Embalaje,Verpackungsetiketten,包装标签
Industrial & Scientific,Industrial y Científico,Industrie & Wissenschaft,工业与科学,Power Transmission Products,Productos de Transmisión de Potencia,Kraftübertragung,动力传动,Bearings,Rodamientos,Lager,轴承
Industrial & Scientific,Industrial y Científico,Industrie & Wissenschaft,工业与科学,Power Transmission Products,Productos de Transmisión de Potencia,Kraftübertragung,动力传动,Belts,Correas,Riemen,皮带
Industrial & Scientific,Industrial y Científico,Industrie & Wissenschaft,工业与科学,Power Transmission Products,Productos de Transmisión de Potencia,Kraftübertragung,动力传动,Gears,Engranajes,Zahnräder,齿轮
Industrial & Scientific,Industrial y Científico,Industrie & Wissenschaft,工业与科学,Professional Medical Supplies,Suministros Médicos Profesionales,Medizinische Bedarfsartikel,专业医疗用品,Diagnostics & Screening,Diagnóstico y Detección,Diagnostik,诊断检测
Industrial & Scientific,Industrial y Científico,Industrie & Wissenschaft,工业与科学,Professional Medical Supplies,Suministros Médicos Profesionales,Medizinische Bedarfsartikel,专业医疗用品,Surgical Supplies,Suministros Quirúrgicos,Chirurgiezubehör,手术用品
Industrial & Scientific,Industrial y Científico,Industrie & Wissenschaft,工业与科学,Test, Measure & Inspect,Pruebas, Medición e Inspección,Prüfen, Messen & Inspizieren,测试测量与检测,Dimensional Measurement,Medición Dimensional,Maßprüfung,尺寸测量
Industrial & Scientific,Industrial y Científico,Industrie & Wissenschaft,工业与科学,Test, Measure & Inspect,Pruebas, Medición e Inspección,Prüfen, Messen & Inspizieren,测试测量与检测,Electrical Testing,Pruebas Eléctricas,Elektrische Prüfung,电气测试
Industrial & Scientific,Industrial y Científico,Industrie & Wissenschaft,工业与科学,Test, Measure & Inspect,Pruebas, Medición e Inspección,Prüfen, Messen & Inspizieren,测试测量与检测,Scales & Balances,Básculas y Balanzas,Waagen,秤与天平
Musical Instruments,Instrumentos Musicales,Musikinstrumente,乐器,Amplifiers & Effects,Amplificadores y Efectos,Verstärker & Effekte,吉他效果器,Guitar & Bass Amplifiers & Preamps,Amplificadores para Guitarra y Bajo,Gitarren- & Bassverstärker,吉他贝斯音箱
Musical Instruments,Instrumentos Musicales,Musikinstrumente,乐器,Amplifiers & Effects,Amplificadores y Efectos,Verstärker & Effekte,吉他效果器,Guitar Effects,Efectos para Guitarra,Gitarreneffekte,吉他效果器
Musical Instruments,Instrumentos Musicales,Musikinstrumente,乐器,Drums & Percussion,Baterías y Percusión,Schlagzeug & Perkussion,鼓与打击乐器,Drum Sets & Set Components,Baterías y Componentes,Schlagzeug-Sets,架子鼓套装
Musical Instruments,Instrumentos Musicales,Musikinstrumente,乐器,Drums & Percussion,Baterías y Percusión,Schlagzeug & Perkussion,鼓与打击乐器,Hand Percussion,Percusión Manual,Handperkussion,手部打击乐器
Musical Instruments,Instrumentos Musicales,Musikinstrumente,乐器,Guitars,Guitarras,Gitarren,吉他,Acoustic Guitars,Guitarras Acústicas,Akustikgitarren,原声吉他
Musical Instruments,Instrumentos Musicales,Musikinstrumente,乐器,Guitars,Guitarras,Gitarren,吉他,Electric Guitars,Guitarras Eléctricas,E-Gitarren,电吉他
Musical Instruments,Instrumentos Musicales,Musikinstrumente,乐器,Instrument Accessories,Accesorios para Instrumentos,Instrumentenzubehör,乐器配件,Guitar & Bass Accessories,Accesorios para Guitarra y Bajo,Gitarren- & Basszubehör,吉他贝斯配件
Musical Instruments,Instrumentos Musicales,Musikinstrumente,乐器,Instrument Accessories,Accesorios para Instrumentos,Instrumentenzubehör,乐器配件,Keyboard Accessories,Accesorios para Teclados,Keyboardzubehör,键盘配件
Musical Instruments,Instrumentos Musicales,Musikinstrumente,乐器,Keyboards & MIDI,Teclados y MIDI,Keyboards & MIDI,键盘与MIDI,Electronic Keyboards,Teclados Electrónicos,Electronic-Keyboards,电子键盘
Musical Instruments,Instrumentos Musicales,Musikinstrumente,乐器,Microphones & Accessories,Microfonos y Accesorios,Mikrofone & Zubehör,麦克风与配件,Microphones,Microfonos,Mikrofone,麦克风
Office Products,Productos de Oficina,Bürobedarf,办公用品,Office & School Supplies,Suministros de Oficina y Escolares,Büro- & Schulbedarf,办公与学校用品,Calendars, Planners & Personal Organizers,Calendarios, Planificadores y Agendas,Terminplaner,日历与计划本
Office Products,Productos de Oficina,Bürobedarf,办公用品,Office & School Supplies,Suministros de Oficina y Escolares,Büro- & Schulbedarf,办公与学校用品,Desk Accessories & Workspace Organizers,Accesorios de Escritorio y Organizadores,Schreibtischzubehör,桌面收纳
Office Products,Productos de Oficina,Bürobedarf,办公用品,Office & School Supplies,Suministros de Oficina y Escolares,Büro- & Schulbedarf,办公与学校用品,Paper,Papel,Papier,纸张
Office Products,Productos de Oficina,Bürobedarf,办公用品,Office & School Supplies,Suministros de Oficina y Escolares,Büro- & Schulbedarf,办公与学校用品,Staplers & Punches,Grapadoras y Perforadoras,Tacker & Locher,订书机与打孔器
Office Products,Productos de Oficina,Bürobedarf,办公用品,Office & School Supplies,Suministros de Oficina y Escolares,Büro- & Schulbedarf,办公与学校用品,Tape, Adhesives & Fasteners,Cintas, Adhesivos y Sujetadores,Klebeband & Klebstoffe,胶带与粘合剂
Office Products,Productos de Oficina,Bürobedarf,办公用品,Office Electronics,Electrónica de Oficina,Büroelektronik,办公电子,Printers & Accessories,Impresoras y Accesorios,Drucker & Zubehör,打印机与配件
Office Products,Productos de Oficina,Bürobedarf,办公用品,Office Electronics,Electrónica de Oficina,Büroelektronik,办公电子,Scanners & Accessories,Escáneres y Accesorios,Scanner & Zubehör,扫描仪与配件
Patio, Lawn & Garden,Patio, Césped y Jardín,Terrasse, Rasen & Garten,庭院草坪与园艺,Backyard Birding & Wildlife,Observación de Aves y Vida Silvestre en el Jardín,Vogelbeobachtung & Tierwelt im Garten,后院观鸟与野生动物,Birds,Aves,Vögel,鸟类用品（喂鸟器/鸟食）
Patio, Lawn & Garden,Patio, Césped y Jardín,Terrasse, Rasen & Garten,庭院草坪与园艺,Backyard Birding & Wildlife,Observación de Aves y Vida Silvestre en el Jardín,Vogelbeobachtung & Tierwelt im Garten,后院观鸟与野生动物,Squirrels,Ardillas,Eichhörnchen,松鼠用品
Patio, Lawn & Garden,Patio, Césped y Jardín,Terrasse, Rasen & Garten,庭院草坪与园艺,Gardening & Lawn Care,Jardinería y Cuidado del Césped,Garten- & Rasenpflege,园艺与草坪护理,Hand Tools,Herramientas Manuales,Handwerkzeuge,手动园艺工具
Patio, Lawn & Garden,Patio, Césped y Jardín,Terrasse, Rasen & Garten,庭院草坪与园艺,Gardening & Lawn Care,Jardinería y Cuidado del Césped,Garten- & Rasenpflege,园艺与草坪护理,Plants, Seeds & Bulbs,Plantas, Semillas y Bulbos,Pflanzen, Samen & Zwiebeln,植物与种子
Patio, Lawn & Garden,Patio, Césped y Jardín,Terrasse, Rasen & Garten,庭院草坪与园艺,Gardening & Lawn Care,Jardinería y Cuidado del Césped,Garten- & Rasenpflege,园艺与草坪护理,Pots, Planters & Container Accessories,Macetas, Jardineras y Accesorios,Töpfe & Pflanzgefäße,花盆与容器
Patio, Lawn & Garden,Patio, Césped y Jardín,Terrasse, Rasen & Garten,庭院草坪与园艺,Gardening & Lawn Care,Jardinería y Cuidado del Césped,Garten- & Rasenpflege,园艺与草坪护理,Watering Equipment,Equipos de Riego,Bewässerungsgeräte,浇灌工具
Patio, Lawn & Garden,Patio, Césped y Jardín,Terrasse, Rasen & Garten,庭院草坪与园艺,Grills & Outdoor Cooking,Parrillas y Cocina al Aire Libre,Grills & Outdoor-Kochen,烧烤与户外烹饪,Grills & Smokers,Parrillas y Ahumadores,Grills & Räucheröfen,烤架与烟熏炉
Patio, Lawn & Garden,Patio, Césped y Jardín,Terrasse, Rasen & Garten,庭院草坪与园艺,Grills & Outdoor Cooking,Parrillas y Cocina al Aire Libre,Grills & Outdoor-Kochen,烧烤与户外烹饪,Outdoor Cooking Tools & Accessories,Herramientas y Accesorios para Cocinar al Aire Libre,Outdoor-Kochutensilien,户外烹饪工具
Patio, Lawn & Garden,Patio, Césped y Jardín,Terrasse, Rasen & Garten,庭院草坪与园艺,Outdoor Décor,Decoración Exterior,Außendekoration,户外装饰,Doormats,Alfombrillas,Fußmatten,门垫
Patio, Lawn & Garden,Patio, Césped y Jardín,Terrasse, Rasen & Garten,庭院草坪与园艺,Outdoor Décor,Decoración Exterior,Außendekoration,户外装饰,Flags,Banderas,Fahnen,旗帜
Patio, Lawn & Garden,Patio, Césped y Jardín,Terrasse, Rasen & Garten,庭院草坪与园艺,Outdoor Décor,Decoración Exterior,Außendekoration,户外装饰,Garden Sculptures & Statues,Esculturas y Estatuas de Jardín,Gartenskulpturen,花园雕像
Patio, Lawn & Garden,Patio, Césped y Jardín,Terrasse, Rasen & Garten,庭院草坪与园艺,Outdoor Power Tools,Herramientas Eléctricas para Exteriores,Akku- & Elektrowerkzeuge für Außen,户外电动工具,Chainsaws,Motosierras,Kettensägen,油锯
Patio, Lawn & Garden,Patio, Césped y Jardín,Terrasse, Rasen & Garten,庭院草坪与园艺,Outdoor Power Tools,Herramientas Eléctricas para Exteriores,Akku- & Elektrowerkzeuge für Außen,户外电动工具,Pressure Washers,Hidrolimpiadoras,Hochdruckreiniger,高压清洗机
Patio, Lawn & Garden,Patio, Césped y Jardín,Terrasse, Rasen & Garten,庭院草坪与园艺,Patio Furniture & Accessories,Muebles de Patio y Accesorios,Terrassenmöbel & Zubehör,庭院家具与配件,Cushions,Cojines,Kissen,坐垫
Patio, Lawn & Garden,Patio, Césped y Jardín,Terrasse, Rasen & Garten,庭院草坪与园艺,Patio Furniture & Accessories,Muebles de Patio y Accesorios,Terrassenmöbel & Zubehör,庭院家具与配件,Patio Furniture Sets,Juegos de Muebles de Patio,Terrassenmöbel-Sets,庭院家具套装
Patio, Lawn & Garden,Patio, Césped y Jardín,Terrasse, Rasen & Garten,庭院草坪与园艺,Pools, Hot Tubs & Supplies,Piscinas, Jacuzzis y Accesorios,Schwimmbäder, Whirlpools & Zubehör,泳池与水疗,Cleaning Tools & Chemicals,Herramientas y Productos Químicos de Limpieza,Reinigungsmittel,清洁工具与化学品
Patio, Lawn & Garden,Patio, Césped y Jardín,Terrasse, Rasen & Garten,庭院草坪与园艺,Pools, Hot Tubs & Supplies,Piscinas, Jacuzzis y Accesorios,Schwimmbäder, Whirlpools & Zubehör,泳池与水疗,Filters & Filter Media,Filtros y Medios Filtrantes,Filter & Filtermedien,泳池过滤器
Patio, Lawn & Garden,Patio, Césped y Jardín,Terrasse, Rasen & Garten,庭院草坪与园艺,Pools, Hot Tubs & Supplies,Piscinas, Jacuzzis y Accesorios,Schwimmbäder, Whirlpools & Zubehör,泳池与水疗,Pumps,Bombas,Pumpen,泳池泵
Pet Supplies,Suministros para Mascotas,Heimtierbedarf,宠物用品,Birds,Aves,Vögel,鸟类宠物用品,Birdcages,Jaulas para Pájaros,Vogelkäfige,鸟笼
Pet Supplies,Suministros para Mascotas,Heimtierbedarf,宠物用品,Birds,Aves,Vögel,鸟类宠物用品,Feeding & Watering Supplies,Comederos y Bebederos,Futter- & Tränkebecken,喂食器与水具
Pet Supplies,Suministros para Mascotas,Heimtierbedarf,宠物用品,Cats,Gatos,Katzen,猫用品,Beds & Furniture,Camas y Muebles,Katzenbetten & -möbel,猫床与家具
Pet Supplies,Suministros para Mascotas,Heimtierbedarf,宠物用品,Cats,Gatos,Katzen,猫用品,Collars, Harnesses & Leashes,Collares, Arnéses y Correas,Halsbänder, Geschirre & Leinen,猫项圈与牵引绳
Pet Supplies,Suministros para Mascotas,Heimtierbedarf,宠物用品,Cats,Gatos,Katzen,猫用品,Feeding & Watering Supplies,Comederos y Bebederos,Futternäpfe,猫喂食器
Pet Supplies,Suministros para Mascotas,Heimtierbedarf,宠物用品,Cats,Gatos,Katzen,猫用品,Toys,Juguetes,Spielzeug,猫玩具
Pet Supplies,Suministros para Mascotas,Heimtierbedarf,宠物用品,Dogs,Perros,Hunde,狗用品,Beds & Furniture,Camas y Muebles,Hundebetten & -möbel,狗床与家具
Pet Supplies,Suministros para Mascotas,Heimtierbedarf,宠物用品,Dogs,Perros,Hunde,狗用品,Collars, Harnesses & Leashes,Collares, Arnéses y Correas,Halsbänder & Leinen,狗项圈与牵引绳
Pet Supplies,Suministros para Mascotas,Heimtierbedarf,宠物用品,Dogs,Perros,Hunde,狗用品,Feeding & Watering Supplies,Comederos y Bebederos,Hundenäpfe,狗喂食器
Pet Supplies,Suministros para Mascotas,Heimtierbedarf,宠物用品,Dogs,Perros,Hunde,狗用品,Grooming,Aseo,Hundepflege,宠物美容用品
Pet Supplies,Suministros para Mascotas,Heimtierbedarf,宠物用品,Dogs,Perros,Hunde,狗用品,Toys,Juguetes,Spielzeug,狗玩具
Pet Supplies,Suministros para Mascotas,Heimtierbedarf,宠物用品,Fish & Aquatic Pets,Peces y Mascotas Acuáticas,Fische & Aquaristik,水族宠物用品,Aquariums & Fish Bowls,Acuarios y Peceras,Aquarien & Fischgläser,水族箱与鱼缸
Pet Supplies,Suministros para Mascotas,Heimtierbedarf,宠物用品,Fish & Aquatic Pets,Peces y Mascotas Acuáticas,Fische & Aquaristik,水族宠物用品,Food,Alimentos,Fischfutter,鱼食
Pet Supplies,Suministros para Mascotas,Heimtierbedarf,宠物用品,Small Animals,Animales Pequeños,Kleintiere,小宠用品,Houses & Habitats,Casas y Hábitats,Kleintierställe,小宠小屋
Pet Supplies,Suministros para Mascotas,Heimtierbedarf,宠物用品,Small Animals,Animales Pequeños,Kleintiere,小宠用品,Toys,Juguetes,Spielzeug,小宠玩具
Power & Hand Tools,Herramientas Eléctricas y Manuales,Elektro- & Handwerkzeuge,电动与手动工具,Hand Tools,Herramientas Manuales,Handwerkzeuge,手动工具,Hammers,Martillos,Hämmer,锤子
Power & Hand Tools,Herramientas Eléctricas y Manuales,Elektro- & Handwerkzeuge,电动与手动工具,Hand Tools,Herramientas Manuales,Handwerkzeuge,手动工具,Screwdrivers,Destornilladores,Schraubendreher,螺丝刀
Power & Hand Tools,Herramientas Eléctricas y Manuales,Elektro- & Handwerkzeuge,电动与手动工具,Power Tool Parts & Accessories,Partes y Accesorios para Herramientas Eléctricas,Elektrowerkzeugteile,电动工具配件,Saw Blades, Parts & Accessories,Hojas de Sierra, Partes y Accesorios,Sägeblätter,锯片
Sports & Outdoors,Deportes y Aire Libre,Sport & Outdoor,运动与户外,Exercise & Fitness,Ejercicio y Fitness,Fitness,健身与锻炼,Cardio Training,Entrenamiento Cardio,Ausdauertraining,有氧训练设备
Sports & Outdoors,Deportes y Aire Libre,Sport & Outdoor,运动与户外,Exercise & Fitness,Ejercicio y Fitness,Fitness,健身与锻炼,Strength Training Equipment,Equipos de Entrenamiento de Fuerza,Krafttrainingsgeräte,力量训练设备
Sports & Outdoors,Deportes y Aire Libre,Sport & Outdoor,运动与户外,Exercise & Fitness,Ejercicio y Fitness,Fitness,健身与锻炼,Yoga,Yoga,Yoga,瑜伽用品
Sports & Outdoors,Deportes y Aire Libre,Sport & Outdoor,运动与户外,Outdoor Recreation,Recreación al Aire Libre,Outdoor-Freizeit,户外休闲,Camping & Hiking,Campamento y Senderismo,Camping & Wandern,露营与徒步
Sports & Outdoors,Deportes y Aire Libre,Sport & Outdoor,运动与户外,Outdoor Recreation,Recreación al Aire Libre,Outdoor-Freizeit,户外休闲,Climbing,Escalada,Klettern,攀岩用品
Tools & Home Improvement,Herramientas y Mejoras para el Hogar,Werkzeug & Heimwerker,工具与家居装修,Building Supplies,Suministros de Construcción,Baumaterial,建材,Ladders,Escaleras,Leitern,梯子
Tools & Home Improvement,Herramientas y Mejoras para el Hogar,Werkzeug & Heimwerker,工具与家居装修,Electrical,Eléctrica,Elektroinstallation,电气用品,Breakers, Load Centers & Fuses,Interruptores y Fusibles,Leitungsschutzschalter,断路器与保险丝
Tools & Home Improvement,Herramientas y Mejoras para el Hogar,Werkzeug & Heimwerker,工具与家居装修,Electrical,Eléctrica,Elektroinstallation,电气用品,Electrical Wire,Cable Eléctrico,Stromkabel,电线
Tools & Home Improvement,Herramientas y Mejoras para el Hogar,Werkzeug & Heimwerker,工具与家居装修,Hardware,Herrajes,Baubeschläge,五金件,Door Hardware & Locks,Herrajes para Puertas y Cerraduras,Türbeschläge & Schlösser,门五金与锁具
Tools & Home Improvement,Herramientas y Mejoras para el Hogar,Werkzeug & Heimwerker,工具与家居装修,Lighting & Ceiling Fans,Iluminación y Ventiladores de Techo,Beleuchtung & Deckenventilatoren,照明与吊扇,Ceiling Fans & Accessories,Ventiladores de Techo y Accesorios,Deckenventilatoren,吊扇
Tools & Home Improvement,Herramientas y Mejoras para el Hogar,Werkzeug & Heimwerker,工具与家居装修,Lighting & Ceiling Fans,Iluminación y Ventiladores de Techo,Beleuchtung & Deckenventilatoren,照明与吊扇,Ceiling Lights,Lámparas de Techo,Deckenleuchten,吊灯
Tools & Home Improvement,Herramientas y Mejoras para el Hogar,Werkzeug & Heimwerker,工具与家居装修,Lighting & Ceiling Fans,Iluminación y Ventiladores de Techo,Beleuchtung & Deckenventilatoren,照明与吊扇,Lamps & Shades,Lámparas y Pantallas,Lampen & Schirme,台灯与灯罩
Tools & Home Improvement,Herramientas y Mejoras para el Hogar,Werkzeug & Heimwerker,工具与家居装修,Power & Hand Tools,Herramientas Eléctricas y Manuales,Hand- & Elektrowerkzeuge,电动与手动工具,Hand Tools,Herramientas Manuales,Handwerkzeuge,手动工具
Tools & Home Improvement,Herramientas y Mejoras para el Hogar,Werkzeug & Heimwerker,工具与家居装修,Power & Hand Tools,Herramientas Eléctricas y Manuales,Hand- & Elektrowerkzeuge,电动与手动工具,Power Tools,Herramientas Eléctricas,Elektrowerkzeuge,电动工具
Toys & Games,Juguetes y Juegos,Spielzeug & Spiele,玩具与游戏,Arts & Crafts,Arte y Manualidades,Basteln,美术与手工,Clay & Dough,Arcilla y Plastilina,Knete,黏土与彩泥
Toys & Games,Juguetes y Juegos,Spielzeug & Spiele,玩具与游戏,Arts & Crafts,Arte y Manualidades,Basteln,美术与手工,Craft Kits,Kits de Manualidades,Bastelsets,手工套装
Toys & Games,Juguetes y Juegos,Spielzeug & Spiele,玩具与游戏,Baby & Toddler Toys,Juguetes para Bebés y Niños Pequeños,Baby- & Kleinkindspielzeug,婴幼儿玩具,Bath Toys,Juguetes de Baño,Badespielzeug,洗澡玩具
Toys & Games,Juguetes y Juegos,Spielzeug & Spiele,玩具与游戏,Baby & Toddler Toys,Juguetes para Bebés y Niños Pequeños,Baby- & Kleinkindspielzeug,婴幼儿玩具,Musical Toys,Juguetes Musicales,Musikspielzeug,音乐玩具
Toys & Games,Juguetes y Juegos,Spielzeug & Spiele,玩具与游戏,Building Toys,Juguetes de Construcción,Bauspielzeug,建构玩具,Building Sets,Juegos de Construcción,Baukästen,积木套装
Toys & Games,Juguetes y Juegos,Spielzeug & Spiele,玩具与游戏,Building Toys,Juguetes de Construcción,Bauspielzeug,建构玩具,Stacking Blocks,Bloques de Apilamiento,Stapelklötze,叠叠积木
Toys & Games,Juguetes y Juegos,Spielzeug & Spiele,玩具与游戏,Dolls & Accessories,Muñecas y Accesorios,Puppen & Zubehör,娃娃与配件,Dolls,Muñecas,Puppen,娃娃
Toys & Games,Juguetes y Juegos,Spielzeug & Spiele,玩具与游戏,Learning & Education,Aprendizaje y Educación,Lernen & Bildung,学习教育玩具,Flash Cards,Tarjetas Educativas,Lernkarten,闪卡
Toys & Games,Juguetes y Juegos,Spielzeug & Spiele,玩具与游戏,Learning & Education,Aprendizaje y Educación,Lernen & Bildung,学习教育玩具,Science Kits & Toys,Kits y Juguetes Científicos,Wissenschaftskästen,科学实验套装
Toys & Games,Juguetes y Juegos,Spielzeug & Spiele,玩具与游戏,Puzzles,Puzzles,Puzzles,拼图,Jigsaw Puzzles,Puzzles de Imagen,Legpuzzles,纸质拼图
Toys & Games,Juguetes y Juegos,Spielzeug & Spiele,玩具与游戏,Remote & App Controlled Vehicles & Parts,Vehículos Controlados a Distancia y Piezas,Fernsteuerfahrzeuge,遥控玩具,Remote & App Controlled Vehicle Parts,Partes para Vehículos a Control Remoto,Fernsteuerungsfahrzeugteile,遥控车配件
Toys & Games,Juguetes y Juegos,Spielzeug & Spiele,玩具与游戏,Stuffed Animals & Plush Toys,Animales de Peluche y Juguetes de Peluche,Stofftiere,毛绒玩具,Plush Figures,Figuras de Peluche,Plüschfiguren,毛绒公仔
Toys & Games,Juguetes y Juegos,Spielzeug & Spiele,玩具与游戏,Stuffed Animals & Plush Toys,Animales de Peluche y Juguetes de Peluche,Stofftiere,毛绒玩具,Stuffed Animals & Teddy Bears,Animales de Peluche y Osos de Peluche,Plüschtiere & Teddybären,毛绒玩具与泰迪熊
Video Games,Videojuegos,Videospiele,电子游戏,Nintendo Switch,Nintendo Switch,Nintendo Switch,任天堂Switch,Accessories,Accesorios,Zubehör,Switch配件
Video Games,Videojuegos,Videospiele,电子游戏,Nintendo Switch,Nintendo Switch,Nintendo Switch,任天堂Switch,Games,Juegos,Spiele,Switch游戏
Video Games,Videojuegos,Videospiele,电子游戏,PC,PC,PC,电脑游戏,Accessories,Accesorios,Zubehör,PC游戏配件
Video Games,Videojuegos,Videospiele,电子游戏,PC,PC,PC,电脑游戏,Games,Juegos,Spiele,PC游戏软件
Video Games,Videojuegos,Videospiele,电子游戏,PlayStation 5,PlayStation 5,PlayStation 5,PS5,Accessories,Accesorios,Zubehör,PS5配件
Video Games,Videojuegos,Videospiele,电子游戏,PlayStation 5,PlayStation 5,PlayStation 5,PS5,Games,Juegos,Spiele,PS5游戏
Video Games,Videojuegos,Videospiele,电子游戏,Xbox Series X & S,Xbox Series X & S,Xbox Series X & S,Xbox Series X|S,Accessories,Accesorios,Zubehör,Xbox配件
Video Games,Videojuegos,Videospiele,电子游戏,Xbox Series X & S,Xbox Series X & S,Xbox Series X & S,Xbox Series X|S,Games,Juegos,Spiele,Xbox游戏